06/01/2016,09:30,57.97,58.42,57.95,58.18,61368
06/01/2016,09:45,58.21,58.38,58.19,58.38,179132
06/01/2016,10:00,58.38,58.44,58.14,58.2,213831
06/01/2016,10:15,58.22,58.43,58.22,58.4,27791
06/01/2016,10:30,58.38,58.74,58.38,58.62,41300
06/01/2016,10:45,58.65,58.66,58.51,58.54,65877
06/01/2016,11:00,58.56,58.73,58.54,58.73,26318
06/01/2016,11:15,58.73,58.73,58.58,58.58,24641
06/01/2016,11:30,58.58,58.58,58.46,58.48,27081
06/01/2016,11:45,58.49,58.68,58.46,58.66,16383
06/01/2016,12:00,58.66,58.72,58.63,58.68,24559
06/01/2016,12:15,58.71,58.72,58.65,58.68,20627
06/01/2016,12:30,58.67,58.71,58.62,58.63,13394
06/01/2016,12:45,58.65,58.7,58.58,58.69,21715
06/01/2016,13:00,58.69,58.73,58.65,58.65,46430
06/01/2016,13:15,58.64,58.65,58.57,58.58,12886
06/01/2016,13:30,58.58,58.6,58.43,58.44,14640
06/01/2016,13:45,58.45,58.4993,58.4,58.47,18206
06/01/2016,14:00,58.47,58.5771,58.35,58.5724,19417
06/01/2016,14:15,58.57,58.65,58.57,58.6,14413
06/01/2016,14:30,58.61,58.61,58.47,58.48,50986
06/01/2016,14:45,58.48,58.51,58.46,58.47,23479
06/01/2016,15:00,58.48,58.5,58.41,58.42,23316
06/01/2016,15:15,58.42,58.44,58.39,58.42,53062
06/01/2016,15:30,58.415,58.415,58.34,58.35,71384
06/01/2016,15:45,58.34,58.35,58.25,58.33,121076
06/01/2016,16:00,58.3,58.3,58.2708,58.2708,65573
06/01/2016,16:30,58.3,58.3,58.3,58.3,6407
06/02/2016,09:30,58.23,58.43,58.01,58.27,36169
06/02/2016,09:45,58.27,58.27,57.75,58.15,29720
06/02/2016,10:00,58.11,58.51,58.11,58.41,25137
06/02/2016,10:15,58.41,58.52,58.32,58.45,18461
06/02/2016,10:30,58.46,58.51,58.37,58.4,18498
06/02/2016,10:45,58.39,58.395,58.28,58.395,12535
06/02/2016,11:00,58.41,58.6,58.36,58.43,24595
06/02/2016,11:15,58.41,58.47,58.33,58.4,17469
06/02/2016,11:30,58.4,58.48,58.35,58.43,18362
06/02/2016,11:45,58.45,58.45,58.34,58.36,16751
06/02/2016,12:00,58.36,58.4,58.27,58.32,13476
06/02/2016,12:15,58.33,58.36,58.28,58.315,19649
06/02/2016,12:30,58.32,58.335,58.27,58.31,19179
06/02/2016,12:45,58.31,58.37,58.28,58.37,24753
06/02/2016,13:00,58.39,58.425,58.32,58.34,60592
06/02/2016,13:15,58.35,58.36,58.251,58.31,32421
06/02/2016,13:30,58.33,58.49,58.33,58.45,30945
06/02/2016,13:45,58.45,58.57,58.45,58.54,31606
06/02/2016,14:00,58.55,58.58,58.49,58.54,24843
06/02/2016,14:15,58.54,58.63,58.53,58.59,21131
06/02/2016,14:30,58.61,58.61,58.49,58.6,16195
06/02/2016,14:45,58.61,58.67,58.59,58.66,15842
06/02/2016,15:00,58.655,58.7,58.64,58.69,21342
06/02/2016,15:15,58.69,58.75,58.6801,58.74,22009
06/02/2016,15:30,58.75,58.77,58.715,58.75,62776
06/02/2016,15:45,58.74,58.75,58.605,58.75,148083
06/02/2016,16:00,58.76,58.76,58.76,58.76,83418
06/02/2016,16:30,58.76,58.76,58.76,58.76,2768
06/03/2016,09:15,58.54,58.54,58.52,58.52,1800
06/03/2016,09:30,58.56,58.61,58.07,58.2,39336
06/03/2016,09:45,58.24,58.24,57.945,57.97,23051
06/03/2016,10:00,57.93,57.94,57.55,57.71,37549
06/03/2016,10:15,57.69,57.76,57.36,57.56,46386
06/03/2016,10:30,57.54,57.85,57.52,57.78,17823
06/03/2016,10:45,57.75,57.8568,57.71,57.81,20398
06/03/2016,11:00,57.82,57.85,57.6287,57.64,25644
06/03/2016,11:15,57.62,57.76,57.56,57.6,20916
06/03/2016,11:30,57.63,57.8599,57.61,57.83,28776
06/03/2016,11:45,57.83,58.02,57.79,57.97,21553
06/03/2016,12:00,57.98,58.08,57.92,58.02,41396
06/03/2016,12:15,58.02,58.03,57.89,57.9,12789
06/03/2016,12:30,57.91,57.99,57.9,57.97,12236
06/03/2016,12:45,57.96,57.96,57.9,57.92,19902
06/03/2016,13:00,57.92,58,57.85,57.97,13660
06/03/2016,13:15,57.96,57.9899,57.86,57.94,18854
06/03/2016,13:30,57.95,58.07,57.9,58.03,16616
06/03/2016,13:45,58.04,58.14,58.03,58.14,31072
06/03/2016,14:00,58.13,58.18,58.1,58.16,24779
06/03/2016,14:15,58.16,58.3,58.12,58.29,26742
06/03/2016,14:30,58.29,58.445,58.28,58.43,23366
06/03/2016,14:45,58.44,58.58,58.435,58.53,33740
06/03/2016,15:00,58.52,58.52,58.4275,58.48,27783
06/03/2016,15:15,58.48,58.48,58.42,58.45,43511
06/03/2016,15:30,58.45,58.46,58.39,58.42,58863
06/03/2016,15:45,58.42,58.43,58.21,58.31,242542
06/03/2016,16:00,58.29,58.29,58.29,58.29,64584
06/03/2016,16:30,58.29,58.29,58.29,58.29,2817
06/06/2016,09:30,58.42,58.55,58.275,58.42,48439
06/06/2016,09:45,58.41,58.56,58.37,58.48,44032
06/06/2016,10:00,58.482,58.54,58.32,58.32,28447
06/06/2016,10:15,58.3,58.35,58.146,58.146,28361
06/06/2016,10:30,58.16,58.3,58.14,58.26,22460
06/06/2016,10:45,58.26,58.3,58.22,58.24,31154
06/06/2016,11:00,58.24,58.41,58.24,58.36,197142
06/06/2016,11:15,58.36,58.43,58.31,58.39,38331
06/06/2016,11:30,58.4,58.51,58.39,58.5,44214
06/06/2016,11:45,58.5,58.55,58.42,58.44,57613
06/06/2016,12:00,58.45,58.58,58.45,58.56,29276
06/06/2016,12:15,58.55,58.58,58.53,58.56,27753
06/06/2016,12:30,58.56,58.56,58.49,58.535,33630
06/06/2016,12:45,58.53,58.53,58.33,58.43,26520
06/06/2016,13:00,58.4,58.55,58.4,58.52,28403
06/06/2016,13:15,58.53,58.56,58.47,58.54,42344
06/06/2016,13:30,58.55,58.565,58.49,58.51,20309
06/06/2016,13:45,58.5,58.58,58.5,58.57,18498
06/06/2016,14:00,58.56,58.62,58.52,58.59,17874
06/06/2016,14:15,58.6,58.74,58.6,58.711,24882
06/06/2016,14:30,58.71,58.71,58.64,58.65,22845
06/06/2016,14:45,58.66,58.69,58.61,58.62,21018
06/06/2016,15:00,58.6,58.68,58.6,58.68,21381
06/06/2016,15:15,58.685,58.685,58.59,58.603,28098
06/06/2016,15:30,58.6,58.8,58.595,58.7825,115644
06/06/2016,15:45,58.78,58.83,58.67,58.68,242049
06/06/2016,16:00,58.67,58.67,58.67,58.67,165550
06/06/2016,16:15,58.67,58.67,58.67,58.67,5520
06/07/2016,09:30,58.63,59,58.51,58.58,37719
06/07/2016,09:45,58.56,58.74,58.48,58.71,16133
06/07/2016,10:00,58.7,58.71,58.37,58.37,16800
06/07/2016,10:15,58.34,58.5,58.34,58.5,19199
06/07/2016,10:30,58.54,58.62,58.47,58.58,14233
06/07/2016,10:45,58.57,58.57,58.36,58.38,13684
06/07/2016,11:00,58.4,58.4,58.25,58.31,19595
06/07/2016,11:15,58.31,58.47,58.29,58.47,17573
06/07/2016,11:30,58.49,58.56,58.43,58.47,19689
06/07/2016,11:45,58.47,58.48,58.31,58.31,61480
06/07/2016,12:00,58.315,58.42,58.29,58.35,17800
06/07/2016,12:15,58.36,58.43,58.3,58.4,16806
06/07/2016,12:30,58.41,58.47,58.36,58.46,20070
06/07/2016,12:45,58.46,58.48,58.4,58.41,25421
06/07/2016,13:00,58.405,58.41,58.31,58.35,62721
06/07/2016,13:15,58.36,58.445,58.34,58.4,22252
06/07/2016,13:30,58.4,58.51,58.32,58.5,39055
06/07/2016,13:45,58.495,58.55,58.46,58.5399,26986
06/07/2016,14:00,58.53,58.6,58.53,58.565,51012
06/07/2016,14:15,58.57,58.68,58.57,58.63,15349
06/07/2016,14:30,58.63,58.69,58.62,58.66,22615
06/07/2016,14:45,58.66,58.73,58.65,58.69,41363
06/07/2016,15:00,58.69,58.78,58.68,58.75,47105
06/07/2016,15:15,58.76,58.76,58.65,58.74,41632
06/07/2016,15:30,58.73,58.84,58.69,58.72,68550
06/07/2016,15:45,58.72,58.76,58.67,58.69,202819
06/07/2016,16:00,58.68,58.7,58.68,58.68,104186
06/07/2016,16:30,58.68,58.68,58.68,58.68,2923
06/08/2016,09:30,58.64,58.825,58.44,58.47,18714
06/08/2016,09:45,58.38,58.63,58.38,58.63,11903
06/08/2016,10:00,58.62,58.62,58.38,58.38,14732
06/08/2016,10:15,58.41,58.41,58.21,58.29,8719
06/08/2016,10:30,58.29,58.52,58.29,58.48,12788
06/08/2016,10:45,58.49,58.59,58.47,58.59,34993
06/08/2016,11:00,58.6,58.605,58.47,58.56,28651
06/08/2016,11:15,58.57,58.63,58.49,58.63,17707
06/08/2016,11:30,58.64,58.71,58.62,58.64,14172
06/08/2016,11:45,58.65,58.7,58.61,58.62,15453
06/08/2016,12:00,58.62,58.67,58.61,58.64,11133
06/08/2016,12:15,58.63,58.63,58.58,58.6,13333
06/08/2016,12:30,58.59,58.62,58.49,58.51,17929
06/08/2016,12:45,58.51,58.66,58.51,58.65,12900
06/08/2016,13:00,58.65,58.73,58.63,58.66,38024
06/08/2016,13:15,58.65,58.65,58.58,58.58,9140
06/08/2016,13:30,58.56,58.58,58.55,58.58,12444
06/08/2016,13:45,58.58,58.58,58.53,58.56,12941
06/08/2016,14:00,58.56,58.63,58.56,58.62,21756
06/08/2016,14:15,58.62,58.725,58.62,58.725,23184
06/08/2016,14:30,58.73,58.74,58.68,58.7036,23818
06/08/2016,14:45,58.71,58.75,58.68,58.68,21907
06/08/2016,15:00,58.69,58.72,58.67,58.7,31025
06/08/2016,15:15,58.7,58.7,58.65,58.65,19994
06/08/2016,15:30,58.64,58.66,58.56,58.61,37006
06/08/2016,15:45,58.61,58.66,58.52,58.53,87611
06/08/2016,16:00,58.53,58.53,58.4517,58.4517,72972
06/08/2016,16:15,58.53,58.53,58.53,58.53,1600
06/08/2016,16:30,58.53,58.53,58.53,58.53,2620
06/09/2016,09:15,58.28,58.28,58.28,58.28,192
06/09/2016,09:30,58.23,58.28,57.98,58.22,20150
06/09/2016,09:45,58.22,58.45,58.17,58.23,21726
06/09/2016,10:00,58.14,58.18,57.9,57.92,20277
06/09/2016,10:15,57.92,58.02,57.86,57.9,14192
06/09/2016,10:30,57.91,57.91,57.69,57.88,18005
06/09/2016,10:45,57.89,57.95,57.735,57.77,17883
06/09/2016,11:00,57.8,57.88,57.7665,57.83,12455
06/09/2016,11:15,57.83,57.8893,57.75,57.77,20355
06/09/2016,11:30,57.76,57.83,57.72,57.81,19969
06/09/2016,11:45,57.81,57.83,57.69,57.82,17302
06/09/2016,12:00,57.83,57.88,57.73,57.79,25461
06/09/2016,12:15,57.79,57.81,57.68,57.79,75957
06/09/2016,12:30,57.78,57.835,57.75,57.77,36569
06/09/2016,12:45,57.78,58,57.77,58,14902
06/09/2016,13:00,58,58.02,57.89,57.93,12824
06/09/2016,13:15,57.93,58.05,57.93,57.9562,21416
06/09/2016,13:30,57.95,58.01,57.84,57.86,28508
06/09/2016,13:45,57.855,57.91,57.72,57.72,23777
06/09/2016,14:00,57.73,57.75,57.67,57.74,23301
06/09/2016,14:15,57.745,57.76,57.67,57.68,25546
06/09/2016,14:30,57.66,57.82,57.66,57.82,14686
06/09/2016,14:45,57.82,57.8628,57.75,57.86,31273
06/09/2016,15:00,57.87,57.905,57.8,57.81,26915
06/09/2016,15:15,57.81,57.83,57.76,57.78,35798
06/09/2016,15:30,57.78,57.9,57.77,57.84,40813
06/09/2016,15:45,57.8347,57.87,57.8,57.8,75164
06/09/2016,16:00,57.79,57.79,57.79,57.79,44993
06/09/2016,16:30,57.79,57.79,57.79,57.79,3245
06/10/2016,09:15,56.74,56.74,56.74,56.74,332
06/10/2016,09:30,57.12,57.44,56.75,56.83,44025
06/10/2016,09:45,56.88,56.95,56.7,56.745,23360
06/10/2016,10:00,56.76,56.8099,56.41,56.52,70855
06/10/2016,10:15,56.53,56.74,56.51,56.68,34705
06/10/2016,10:30,56.67,56.75,56.6,56.67,25051
06/10/2016,10:45,56.65,56.68,56.45,56.49,40775
06/10/2016,11:00,56.5,56.71,56.45,56.65,31707
06/10/2016,11:15,56.66,56.73,56.56,56.72,45550
06/10/2016,11:30,56.73,56.73,56.56,56.56,16432
06/10/2016,11:45,56.56,56.65,56.56,56.6,12186
06/10/2016,12:00,56.61,56.66,56.49,56.54,26585
06/10/2016,12:15,56.5201,56.55,56.46,56.5,25066
06/10/2016,12:30,56.5,56.5,56.4099,56.47,20739
06/10/2016,12:45,56.47,56.48,56.38,56.39,13532
06/10/2016,13:00,56.3899,56.45,56.31,56.33,14850
06/10/2016,13:15,56.35,56.4,56.33,56.35,12530
06/10/2016,13:30,56.34,56.34,56.2225,56.27,29566
06/10/2016,13:45,56.265,56.285,56.19,56.235,96828
06/10/2016,14:00,56.235,56.265,56.185,56.24,54376
06/10/2016,14:15,56.24,56.305,56.215,56.24,50186
06/10/2016,14:30,56.24,56.33,56.21,56.24,40786
06/10/2016,14:45,56.24,56.255,56.1,56.19,46626
06/10/2016,15:00,56.19,56.2,56.11,56.145,26714
06/10/2016,15:15,56.14,56.19,56.13,56.165,33681
06/10/2016,15:30,56.17,56.22,56.13,56.21,48974
06/10/2016,15:45,56.21,56.315,56.14,56.18,234800
06/10/2016,16:00,56.18,56.18,56.18,56.18,84030
06/10/2016,16:30,56.18,56.18,56.18,56.18,9357
06/13/2016,09:15,56,56,56,56,100
06/13/2016,09:30,55.92,56.5,55.8,56.33,51166
06/13/2016,09:45,56.36,56.86,56.32,56.55,26934
06/13/2016,10:00,56.56,56.69,56.52,56.58,44314
06/13/2016,10:15,56.61,56.74,56.59,56.67,25292
06/13/2016,10:30,56.68,56.78,56.65,56.65,21574
06/13/2016,10:45,56.645,56.685,56.51,56.58,23685
06/13/2016,11:00,56.58,56.64,56.5,56.5,23696
06/13/2016,11:15,56.505,56.63,56.465,56.6,36272
06/13/2016,11:30,56.61,56.61,56.43,56.4401,20424
06/13/2016,11:45,56.44,56.44,56.18,56.18,22096
06/13/2016,12:00,56.17,56.28,56.14,56.2,19300
06/13/2016,12:15,56.21,56.32,56.184,56.25,39037
06/13/2016,12:30,56.26,56.37,56.19,56.37,19332
06/13/2016,12:45,56.37,56.42,56.32,56.4,8884
06/13/2016,13:00,56.39,56.42,56.3,56.33,18523
06/13/2016,13:15,56.32,56.35,56.23,56.295,15776
06/13/2016,13:30,56.3,56.34,56.14,56.29,22144
06/13/2016,13:45,56.29,56.3,56.14,56.17,22767
06/13/2016,14:00,56.18,56.265,56.18,56.23,23393
06/13/2016,14:15,56.24,56.24,56.18,56.2,36865
06/13/2016,14:30,56.21,56.32,56.19,56.26,63462
06/13/2016,14:45,56.255,56.255,56.16,56.16,28579
06/13/2016,15:00,56.16,56.2,56.05,56.07,61610
06/13/2016,15:15,56.07,56.105,56.01,56.04,34051
06/13/2016,15:30,56.04,56.11,55.98,56.01,65956
06/13/2016,15:45,56,56.02,55.885,55.89,255120
06/13/2016,16:00,55.89,56.444,55.89,56.444,84773
06/13/2016,16:15,55.89,55.89,55.89,55.89,5232
06/14/2016,09:30,55.76,55.94,55.49,55.84,44407
06/14/2016,09:45,55.81,55.83,55.6,55.8,45929
06/14/2016,10:00,55.78,55.89,55.73,55.73,30921
06/14/2016,10:15,55.72,55.76,55.43,55.51,73322
06/14/2016,10:30,55.5,55.64,55.45,55.59,27234
06/14/2016,10:45,55.6,55.61,55.44,55.53,59315
06/14/2016,11:00,55.5,55.62,55.45,55.48,62761
06/14/2016,11:15,55.48,55.54,55.33,55.39,77958
06/14/2016,11:30,55.36,55.64,55.36,55.565,27563
06/14/2016,11:45,55.57,55.58,55.36,55.36,27123
06/14/2016,12:00,55.35,55.46,55.29,55.36,24349
06/14/2016,12:15,55.36,55.62,55.35,55.59,26052
06/14/2016,12:30,55.58,55.59,55.5,55.51,15190
06/14/2016,12:45,55.52,55.53,55.42,55.45,21617
06/14/2016,13:00,55.45,55.47,55.37,55.3901,40063
06/14/2016,13:15,55.4,55.48,55.345,55.45,18629
06/14/2016,13:30,55.43,55.6,55.41,55.48,33060
06/14/2016,13:45,55.47,55.51,55.35,55.37,18156
06/14/2016,14:00,55.39,55.56,55.39,55.56,29982
06/14/2016,14:15,55.55,55.69,55.55,55.69,27951
06/14/2016,14:30,55.67,55.69,55.58,55.64,26154
06/14/2016,14:45,55.645,55.645,55.515,55.58,49117
06/14/2016,15:00,55.59,55.8,55.53,55.8,50991
06/14/2016,15:15,55.79,55.86,55.73,55.86,54356
06/14/2016,15:30,55.85,55.91,55.76,55.84,61854
06/14/2016,15:45,55.83,55.83,55.63,55.71,118859
06/14/2016,16:00,55.71,55.71,55.71,55.71,160223
06/14/2016,16:30,55.71,55.71,55.71,55.71,6161
06/15/2016,08:00,55.5,55.5,55.5,55.5,100
06/15/2016,09:30,55.98,56.1967,55.71,56.15,31711
06/15/2016,09:45,56.145,56.34,56.04,56.34,31744
06/15/2016,10:00,56.34,56.56,56.29,56.5,48452
06/15/2016,10:15,56.481,56.481,56.27,56.27,44616
06/15/2016,10:30,56.29,56.6,56.29,56.6,51904
06/15/2016,10:45,56.6,56.77,56.6,56.75,31960
06/15/2016,11:00,56.73,56.83,56.73,56.82,26001
06/15/2016,11:15,56.81,56.82,56.62,56.63,24857
06/15/2016,11:30,56.62,56.79,56.6,56.78,33170
06/15/2016,11:45,56.78,56.94,56.73,56.9,26198
06/15/2016,12:00,56.895,56.9201,56.8301,56.87,22248
06/15/2016,12:15,56.87,56.94,56.86,56.86,16617
06/15/2016,12:30,56.86,56.88,56.7501,56.81,21139
06/15/2016,12:45,56.81,56.84,56.69,56.69,18429
06/15/2016,13:00,56.67,56.76,56.64,56.735,29279
06/15/2016,13:15,56.735,56.775,56.69,56.72,28892
06/15/2016,13:30,56.72,56.78,56.69,56.78,25718
06/15/2016,13:45,56.77,56.78,56.65,56.65,48099
06/15/2016,14:00,56.64,56.76,56.53,56.57,34502
06/15/2016,14:15,56.59,56.64,56.55,56.55,38635
06/15/2016,14:30,56.53,56.66,56.495,56.64,39324
06/15/2016,14:45,56.64,56.73,56.58,56.68,27639
06/15/2016,15:00,56.675,56.78,56.65,56.77,35525
06/15/2016,15:15,56.77,56.87,56.69,56.84,42603
06/15/2016,15:30,56.85,56.86,56.69,56.7,82612
06/15/2016,15:45,56.69,56.7,56.53,56.61,150089
06/15/2016,16:00,56.61,56.61,56.61,56.61,195685
06/15/2016,16:15,56.61,56.61,56.61,56.61,152
06/15/2016,16:30,56.61,56.61,56.61,56.61,1428
06/16/2016,09:15,56.23,56.23,56.09,56.09,1528
06/16/2016,09:30,56.16,56.16,55.85,56.075,34864
06/16/2016,09:45,56.03,56.18,55.75,55.775,74007
06/16/2016,10:00,55.78,55.98,55.71,55.97,72649
06/16/2016,10:15,55.98,56.03,55.85,55.93,60144
06/16/2016,10:30,55.92,55.92,55.735,55.77,68319
06/16/2016,10:45,55.78,55.85,55.76,55.85,27307
06/16/2016,11:00,55.85,55.94,55.84,55.93,31290
06/16/2016,11:15,55.92,56.18,55.84,56.16,40268
06/16/2016,11:30,56.14,56.24,55.99,56.08,46915
06/16/2016,11:45,56.08,56.08,55.815,55.96,46236
06/16/2016,12:00,55.97,56.11,55.95,56.025,33769
06/16/2016,12:15,56.02,56.4,56,56.33,59550
06/16/2016,12:30,56.33,56.46,56.26,56.46,19708
06/16/2016,12:45,56.44,56.46,56.36,56.43,98421
06/16/2016,13:00,56.44,56.59,56.44,56.59,27909
06/16/2016,13:15,56.57,56.58,56.49,56.5,21183
06/16/2016,13:30,56.5,56.565,56.43,56.44,26692
06/16/2016,13:45,56.44,56.46,56.34,56.37,19854
06/16/2016,14:00,56.37,56.61,56.36,56.58,23922
06/16/2016,14:15,56.57,56.69,56.54,56.58,29016
06/16/2016,14:30,56.57,56.61,56.485,56.51,24897
06/16/2016,14:45,56.53,56.72,56.525,56.6399,20128
06/16/2016,15:00,56.62,56.68,56.6,56.65,27748
06/16/2016,15:15,56.66,56.81,56.63,56.79,35549
06/16/2016,15:30,56.79,56.87,56.75,56.83,49672
06/16/2016,15:45,56.81,56.8425,56.7,56.78,140537
06/16/2016,16:00,56.77,56.77,56.77,56.77,82560
06/16/2016,16:15,56.77,56.77,56.77,56.77,2490
06/17/2016,09:30,56.74,56.74,56.07,56.71,246837
06/17/2016,09:45,56.64,56.76,56.48,56.76,36258
06/17/2016,10:00,56.78,56.86,56.68,56.85,26331
06/17/2016,10:15,56.84,56.99,56.78,56.78,27000
06/17/2016,10:30,56.78,56.78,56.53,56.53,59791
06/17/2016,10:45,56.52,56.7,56.49,56.49,20019
06/17/2016,11:00,56.49,56.55,56.35,56.435,55474
06/17/2016,11:15,56.43,56.67,56.4,56.5199,35566
06/17/2016,11:30,56.5,56.7,56.45,56.7,36500
06/17/2016,11:45,56.71,56.75,56.62,56.63,21971
06/17/2016,12:00,56.64,56.83,56.64,56.79,16366
06/17/2016,12:15,56.78,56.78,56.71,56.77,21231
06/17/2016,12:30,56.78,56.7999,56.69,56.78,19097
06/17/2016,12:45,56.78,56.78,56.615,56.65,15946
06/17/2016,13:00,56.64,56.76,56.58,56.76,22056
06/17/2016,13:15,56.75,56.82,56.69,56.76,20023
06/17/2016,13:30,56.76,56.84,56.74,56.81,22915
06/17/2016,13:45,56.83,56.93,56.79,56.89,76048
06/17/2016,14:00,56.87,56.875,56.65,56.67,24631
06/17/2016,14:15,56.66,56.75,56.65,56.73,38589
06/17/2016,14:30,56.73,56.83,56.72,56.78,22160
06/17/2016,14:45,56.77,56.8,56.71,56.75,21762
06/17/2016,15:00,56.74,56.76,56.64,56.64,27750
06/17/2016,15:15,56.63,56.7,56.57,56.6795,37489
06/17/2016,15:30,56.68,56.71,56.59,56.67,53259
06/17/2016,15:45,56.66,56.705,56.6,56.68,141105
06/17/2016,16:00,56.68,56.68,56.68,56.68,663157
06/17/2016,16:15,56.68,56.68,56.68,56.68,16485
06/20/2016,09:15,57.5,57.5,57.5,57.5,513
06/20/2016,09:30,57.47,57.65,57.28,57.62,78876
06/20/2016,09:45,57.65,57.88,57.57,57.86,27577
06/20/2016,10:00,57.84,58.05,57.84,57.96,43078
06/20/2016,10:15,57.93,58.2,57.92,58.18,30909
06/20/2016,10:30,58.19,58.2,58.06,58.07,23960
06/20/2016,10:45,58.07,58.2,58.04,58.09,24917
06/20/2016,11:00,58.1,58.13,58.04,58.07,28644
06/20/2016,11:15,58.075,58.09,57.96,58.01,31482
06/20/2016,11:30,58.01,58.08,57.97,58.01,17444
06/20/2016,11:45,57.99,57.99,57.8,57.92,22931
06/20/2016,12:00,57.93,57.99,57.83,57.91,24608
06/20/2016,12:15,57.9,57.94,57.85,57.91,17830
06/20/2016,12:30,57.91,57.93,57.845,57.92,10724
06/20/2016,12:45,57.91,58.04,57.9,57.98,12030
06/20/2016,13:00,57.9866,58.05,57.86,57.86,15726
06/20/2016,13:15,57.86,57.98,57.82,57.89,12333
06/20/2016,13:30,57.88,58.06,57.85,58.06,14607
06/20/2016,13:45,58.07,58.11,58.04,58.07,19964
06/20/2016,14:00,58.04,58.04,57.81,57.815,15169
06/20/2016,14:15,57.8,57.86,57.76,57.81,19316
06/20/2016,14:30,57.79,57.82,57.71,57.76,17657
06/20/2016,14:45,57.75,57.92,57.75,57.905,15051
06/20/2016,15:00,57.9,57.93,57.8,57.83,21772
06/20/2016,15:15,57.84,57.84,57.66,57.66,50569
06/20/2016,15:30,57.66,57.73,57.62,57.68,29064
06/20/2016,15:45,57.68,57.68,57.48,57.56,112816
06/20/2016,16:00,57.56,57.56,57.56,57.56,152303
06/20/2016,16:15,57.56,57.56,57.56,57.56,2713
06/21/2016,09:30,57.76,58.1,57.39,58.1,75966
06/21/2016,09:45,58.11,58.2,57.8212,57.91,72353
06/21/2016,10:00,57.89,58.09,57.75,58.05,30170
06/21/2016,10:15,58.075,58.09,57.81,57.96,18588
06/21/2016,10:30,57.96,57.97,57.82,57.91,13951
06/21/2016,10:45,57.91,57.935,57.78,57.79,25338
06/21/2016,11:00,57.78,57.88,57.7485,57.855,14710
06/21/2016,11:15,57.89,57.92,57.8,57.8,16577
06/21/2016,11:30,57.79,57.79,57.62,57.71,16793
06/21/2016,11:45,57.7,57.82,57.7,57.81,16203
06/21/2016,12:00,57.81,57.85,57.63,57.67,28289
06/21/2016,12:15,57.68,57.82,57.68,57.795,21258
06/21/2016,12:30,57.8,57.81,57.71,57.74,18747
06/21/2016,12:45,57.75,57.75,57.65,57.68,14384
06/21/2016,13:00,57.69,57.77,57.685,57.76,17374
06/21/2016,13:15,57.75,57.77,57.68,57.69,17467
06/21/2016,13:30,57.68,57.7,57.54,57.6833,27308
06/21/2016,13:45,57.68,57.77,57.62,57.732,17259
06/21/2016,14:00,57.72,57.78,57.66,57.77,13368
06/21/2016,14:15,57.78,57.83,57.77,57.8,12947
06/21/2016,14:30,57.81,57.9585,57.76,57.95,31474
06/21/2016,14:45,57.935,58.07,57.93,58.01,51641
06/21/2016,15:00,58,58.02,57.92,57.97,20726
06/21/2016,15:15,57.97,58.14,57.97,58.12,27791
06/21/2016,15:30,58.11,58.18,58.08,58.12,80822
06/21/2016,15:45,58.11,58.18,58.06,58.07,123500
06/21/2016,16:00,58.07,58.07,58,58.07,95251
06/22/2016,09:15,57.72,57.72,57.72,57.72,100
06/22/2016,09:30,57.72,57.9999,57.55,57.68,40500
06/22/2016,09:45,57.65,57.72,57.51,57.565,14223
06/22/2016,10:00,57.54,57.725,57.45,57.725,19605
06/22/2016,10:15,57.7293,57.8003,57.69,57.76,16903
06/22/2016,10:30,57.74,58.08,57.68,58.08,17855
06/22/2016,10:45,58.08,58.17,57.98,58.06,23021
06/22/2016,11:00,58.04,58.12,57.9784,58.06,16908
06/22/2016,11:15,58.06,58.22,58.06,58.21,29071
06/22/2016,11:30,58.21,58.25,58,58.24,62194
06/22/2016,11:45,58.23,58.29,58.13,58.18,32609
06/22/2016,12:00,58.17,58.2,58.02,58.03,16429
06/22/2016,12:15,58.03,58.055,57.67,57.74,23277
06/22/2016,12:30,57.73,57.81,57.7,57.72,15381
06/22/2016,12:45,57.7,57.79,57.65,57.77,14322
06/22/2016,13:00,57.76,57.77,57.5,57.6,13802
06/22/2016,13:15,57.63,57.63,57.53,57.62,18256
06/22/2016,13:30,57.6,57.65,57.55,57.59,15100
06/22/2016,13:45,57.61,57.78,57.61,57.75,12516
06/22/2016,14:00,57.75,57.76,57.66,57.6742,17897
06/22/2016,14:15,57.68,57.71,57.59,57.6,72273
06/22/2016,14:30,57.61,57.62,57.45,57.4601,29068
06/22/2016,14:45,57.47,57.51,57.39,57.5,16485
06/22/2016,15:00,57.49,57.58,57.45,57.45,24917
06/22/2016,15:15,57.45,57.49,57.37,57.38,23712
06/22/2016,15:30,57.38,57.5,57.38,57.435,27602
06/22/2016,15:45,57.44,57.47,57.33,57.38,123642
06/22/2016,16:00,57.38,57.38,57.38,57.38,183926
06/22/2016,16:30,57.38,57.38,57.38,57.38,1253
06/23/2016,09:15,57.92,57.92,57.92,57.92,100
06/23/2016,09:30,58.01,58.01,57.75,57.89,23139
06/23/2016,09:45,57.89,58.33,57.89,58.31,22626
06/23/2016,10:00,58.34,58.36,58.16,58.2,54553
06/23/2016,10:15,58.2,58.4,58.17,58.29,43339
06/23/2016,10:30,58.27,58.27,58,58.04,25223
06/23/2016,10:45,58.05,58.175,57.97,58.165,97221
06/23/2016,11:00,58.16,58.245,58.14,58.23,50047
06/23/2016,11:15,58.23,58.49,58.23,58.485,33329
06/23/2016,11:30,58.5,58.62,58.5,58.58,26771
06/23/2016,11:45,58.57,58.75,58.54,58.68,16205
06/23/2016,12:00,58.6699,58.8,58.65,58.76,24464
06/23/2016,12:15,58.77,59,58.76,58.92,84185
06/23/2016,12:30,58.93,58.93,58.83,58.87,22955
06/23/2016,12:45,58.85,58.87,58.8,58.84,25766
06/23/2016,13:00,58.84,58.87,58.82,58.86,24279
06/23/2016,13:15,58.87,58.98,58.84,58.9583,19973
06/23/2016,13:30,58.97,58.98,58.81,58.89,25773
06/23/2016,13:45,58.89,58.9,58.81,58.87,29288
06/23/2016,14:00,58.87,58.9099,58.82,58.87,19065
06/23/2016,14:15,58.87,58.895,58.81,58.86,41349
06/23/2016,14:30,58.86,58.88,58.8,58.82,16107
06/23/2016,14:45,58.81,58.93,58.805,58.895,72504
06/23/2016,15:00,58.89,58.93,58.82,58.93,78693
06/23/2016,15:15,58.92,58.94,58.795,58.795,58110
06/23/2016,15:30,58.8,58.86,58.745,58.86,85121
06/23/2016,15:45,58.865,59.07,58.86,59.05,149702
06/23/2016,16:00,59.06,59.06,59.06,59.06,54916
06/23/2016,16:15,59.06,59.06,59.06,59.06,600
06/23/2016,16:30,59.06,59.06,59.06,59.06,4119
06/24/2016,09:00,56.69,56.69,56.69,56.69,298
06/24/2016,09:15,56.5,56.5,55.94,55.94,200
06/24/2016,09:30,56.01,56.5,55.49,56.42,135076
06/24/2016,09:45,56.42,56.51,56.11,56.22,99621
06/24/2016,10:00,56.28,56.62,56.22,56.42,105270
06/24/2016,10:15,56.44,56.52,56.07,56.3,100160
06/24/2016,10:30,56.34,56.67,56.3,56.65,82872
06/24/2016,10:45,56.65,56.67,56.46,56.48,81991
06/24/2016,11:00,56.49,56.57,56.435,56.51,154280
06/24/2016,11:15,56.51,56.52,56.15,56.32,140135
06/24/2016,11:30,56.34,56.39,56.06,56.1299,71760
06/24/2016,11:45,56.13,56.28,55.98,56,55176
06/24/2016,12:00,56,56,55.735,55.79,73185
06/24/2016,12:15,55.8,55.85,55.75,55.78,55390
06/24/2016,12:30,55.79,55.8,55.5,55.51,46604
06/24/2016,12:45,55.5,55.51,55.09,55.14,62775
06/24/2016,13:00,55.15,55.22,55.03,55.16,58887
06/24/2016,13:15,55.19,55.225,55.04,55.09,36213
06/24/2016,13:30,55.09,55.28,55.09,55.26,52836
06/24/2016,13:45,55.24,55.24,55.04,55.08,41067
06/24/2016,14:00,55.09,55.21,55.03,55.05,99960
06/24/2016,14:15,55.05,55.05,54.68,54.7,66646
06/24/2016,14:30,54.7,54.72,54.29,54.475,224114
06/24/2016,14:45,54.47,54.6,54.35,54.42,184153
06/24/2016,15:00,54.41,54.52,54.1301,54.2,84463
06/24/2016,15:15,54.19,54.19,53.89,53.93,141852
06/24/2016,15:30,53.92,54.23,53.85,54.225,317411
06/24/2016,15:45,54.22,54.46,54.02,54.04,690643
06/24/2016,16:00,54.05,54.18,54.01,54.04,572919
06/24/2016,16:15,54.04,54.04,54.04,54.04,20600
06/24/2016,16:30,54.0454,54.0454,54.0346,54.0372,18432
06/24/2016,16:45,54.04,54.04,54.04,54.04,101
06/27/2016,09:15,53.38,53.38,53.38,53.38,130
06/27/2016,09:30,53.34,53.5388,51.32,51.43,287281
06/27/2016,09:45,51.44,51.5,51.08,51.15,167148
06/27/2016,10:00,51.13,51.31,50.38,50.39,355769
06/27/2016,10:15,50.4,50.96,50.39,50.93,271940
06/27/2016,10:30,50.91,50.94,50.67,50.75,126567
06/27/2016,10:45,50.75,50.81,50.54,50.64,211789
06/27/2016,11:00,50.64,50.74,50.26,50.3,160274
06/27/2016,11:15,50.3,50.3,49.82,50.18,223292
06/27/2016,11:30,50.18,50.58,50.12,50.58,118854
06/27/2016,11:45,50.59,50.63,50.28,50.34,90928
06/27/2016,12:00,50.33,50.37,50.11,50.15,49591
06/27/2016,12:15,50.1375,50.47,50.1375,50.455,77617
06/27/2016,12:30,50.48,50.49,50.34,50.405,194799
06/27/2016,12:45,50.41,50.68,50.3999,50.63,78050
06/27/2016,13:00,50.62,50.65,50.43,50.49,47343
06/27/2016,13:15,50.48,50.67,50.48,50.66,36594
06/27/2016,13:30,50.68,50.7,50.55,50.585,112215
06/27/2016,13:45,50.575,50.65,50.55,50.5932,61216
06/27/2016,14:00,50.58,50.61,50.48,50.56,132510
06/27/2016,14:15,50.54,50.645,50.51,50.64,79856
06/27/2016,14:30,50.645,50.65,50.4001,50.47,108675
06/27/2016,14:45,50.47,50.47,50.14,50.17,111816
06/27/2016,15:00,50.18,50.5,50.18,50.485,130395
06/27/2016,15:15,50.48,50.48,50.27,50.42,150431
06/27/2016,15:30,50.425,50.63,50.34,50.62,223649
06/27/2016,15:45,50.61,50.68,50.5,50.56,474830
06/27/2016,16:00,50.54,50.57,50.54,50.57,150177
06/27/2016,16:15,50.54,50.54,50.54,50.54,15313
06/28/2016,09:15,51.43,51.43,51.06,51.06,1884
06/28/2016,09:30,51.12,51.585,51.03,51.5,87733
06/28/2016,09:45,51.46,51.95,51.44,51.8701,86367
06/28/2016,10:00,51.89,51.96,51.4,51.435,86667
06/28/2016,10:15,51.42,51.51,51.18,51.19,71704
06/28/2016,10:30,51.2,51.25,50.96,51.08,80806
06/28/2016,10:45,51.07,51.202,51.02,51.035,42335
06/28/2016,11:00,51.04,51.06,50.7,50.71,71263
06/28/2016,11:15,50.7188,50.75,50.42,50.44,57330
06/28/2016,11:30,50.44,50.55,50.44,50.475,64849
06/28/2016,11:45,50.4799,50.97,50.4799,50.89,164301
06/28/2016,12:00,50.91,51.08,50.91,51.07,47780
06/28/2016,12:15,51.07,51.165,50.97,51.02,30801
06/28/2016,12:30,51.03,51.37,51.02,51.24,44015
06/28/2016,12:45,51.2404,51.3,51.16,51.26,30716
06/28/2016,13:00,51.25,51.29,51.18,51.28,34989
06/28/2016,13:15,51.27,51.27,51.02,51.07,45043
06/28/2016,13:30,51.07,51.172,51.03,51.09,40782
06/28/2016,13:45,51.08,51.09,50.99,51.045,28756
06/28/2016,14:00,51.04,51.13,51,51.085,74069
06/28/2016,14:15,51.08,51.18,51.08,51.17,37769
06/28/2016,14:30,51.17,51.36,51.13,51.28,54466
06/28/2016,14:45,51.28,51.66,51.28,51.63,63753
06/28/2016,15:00,51.63,51.88,51.61,51.85,83674
06/28/2016,15:15,51.855,51.86,51.45,51.52,128991
06/28/2016,15:30,51.52,51.61,51.4,51.48,122699
06/28/2016,15:45,51.48,51.545,51.39,51.48,215348
06/28/2016,16:00,51.48,51.48,51.48,51.48,118568
06/28/2016,16:30,51.47,51.48,51.47,51.48,5086
06/28/2016,17:15,51.58,51.58,51.58,51.58,100
06/28/2016,17:30,51.6,51.6,51.6,51.6,100
06/28/2016,17:45,51.6,51.65,51.6,51.65,700
06/28/2016,18:30,51.65,51.65,51.65,51.65,100
06/28/2016,19:00,51.65,51.65,51.58,51.58,400
06/28/2016,19:45,51.58,51.58,51.58,51.58,100
06/29/2016,08:00,52.4,52.4,52.4,52.4,2000
06/29/2016,09:15,51.76,51.76,51.76,51.76,130
06/29/2016,09:30,51.82,52.13,51.55,51.76,63612
06/29/2016,09:45,51.83,52.545,51.75,52.45,68364
06/29/2016,10:00,52.45,52.55,52.24,52.32,68364
06/29/2016,10:15,52.31,52.31,52.09,52.09,80013
06/29/2016,10:30,52.07,52.22,51.95,52.03,78135
06/29/2016,10:45,52.03,52.4,52,52.39,108247
06/29/2016,11:00,52.4,52.73,52.38,52.72,105033
06/29/2016,11:15,52.73,52.76,52.59,52.68,62512
06/29/2016,11:30,52.7,52.96,52.62,52.925,106286
06/29/2016,11:45,52.95,53.17,52.9,53.17,165227
06/29/2016,12:00,53.16,53.205,53.07,53.19,39331
06/29/2016,12:15,53.2,53.28,53.15,53.22,55738
06/29/2016,12:30,53.22,53.22,52.96,52.9899,58690
06/29/2016,12:45,52.98,53.025,52.93,52.965,29208
06/29/2016,13:00,52.96,53.0079,52.88,52.9,72153
06/29/2016,13:15,52.89,53.17,52.89,53.15,47194
06/29/2016,13:30,53.15,53.24,53.06,53.14,61853
06/29/2016,13:45,53.14,53.4,53.14,53.39,70781
06/29/2016,14:00,53.37,53.4,53.21,53.33,63277
06/29/2016,14:15,53.325,53.68,53.26,53.55,86297
06/29/2016,14:30,53.57,53.62,53.42,53.42,48433
06/29/2016,14:45,53.41,53.41,53.17,53.35,42908
06/29/2016,15:00,53.34,53.42,53.3,53.37,36739
06/29/2016,15:15,53.35,53.45,53.29,53.355,52350
06/29/2016,15:30,53.36,53.365,53.16,53.22,94891
06/29/2016,15:45,53.21,53.3,53.15,53.22,139095
06/29/2016,16:00,53.22,53.24,53.1934,53.1934,102947
06/29/2016,16:15,53.22,53.22,53.22,53.22,2200
06/29/2016,16:30,53.22,53.22,53.22,53.22,5607
06/30/2016,09:30,53.3,53.63,52.99,53.25,52671
06/30/2016,09:45,53.17,53.43,53.11,53.29,39188
06/30/2016,10:00,53.29,53.38,53.05,53.37,38418
06/30/2016,10:15,53.36,53.42,53.135,53.15,39875
06/30/2016,10:30,53.14,53.22,53.02,53.075,53200
06/30/2016,10:45,53.07,53.53,53.07,53.53,23953
06/30/2016,11:00,53.54,53.81,53.517,53.66,44962
06/30/2016,11:15,53.66,53.67,53.39,53.62,30174
06/30/2016,11:30,53.61,53.76,53.55,53.55,28634
06/30/2016,11:45,53.56,53.58,53.37,53.455,20725
06/30/2016,12:00,53.49,53.62,53.445,53.57,24088
06/30/2016,12:15,53.59,53.81,53.57,53.79,31240
06/30/2016,12:30,53.81,53.83,53.74,53.78,30122
06/30/2016,12:45,53.79,54.0089,53.79,53.95,49472
06/30/2016,13:00,53.95,53.99,53.8,53.86,37658
06/30/2016,13:15,53.87,53.91,53.66,53.71,25744
06/30/2016,13:30,53.73,53.79,53.67,53.73,41781
06/30/2016,13:45,53.75,53.77,53.58,53.645,44516
06/30/2016,14:00,53.64,53.74,53.58,53.65,71592
06/30/2016,14:15,53.66,53.72,53.56,53.59,43852
06/30/2016,14:30,53.6,53.86,53.6,53.86,44804
06/30/2016,14:45,53.86,54.01,53.86,53.954,48408
06/30/2016,15:00,53.96,54.04,53.89,53.95,46146
06/30/2016,15:15,53.94,54.02,53.84,53.985,53001
06/30/2016,15:30,54,54.02,53.77,53.77,110528
06/30/2016,15:45,53.77,54.14,53.72,54.14,350239
06/30/2016,16:00,54.14,54.14,54.12,54.14,232865
06/30/2016,16:15,54.14,54.14,54.14,54.14,1298
06/30/2016,16:30,54.14,54.14,54.14,54.14,2739
06/30/2016,17:00,54.1335,54.1335,54.1335,54.1335,2458
07/01/2016,09:15,54.06,54.09,54.06,54.09,200
07/01/2016,09:30,54.12,54.61,53.6001,54.59,42630
07/01/2016,09:45,54.6,54.73,54.44,54.6,41033
07/01/2016,10:00,54.64,55.07,54.64,55.05,59969
07/01/2016,10:15,55.06,55.1,54.86,55.03,54267
07/01/2016,10:30,55.04,55.15,54.9,55.11,36654
07/01/2016,10:45,55.12,55.2,55.04,55.15,32519
07/01/2016,11:00,55.14,55.22,54.9,54.9208,34538
07/01/2016,11:15,54.92,54.97,54.77,54.87,49600
07/01/2016,11:30,54.86,54.9758,54.84,54.965,54465
07/01/2016,11:45,54.97,55.1,54.955,55.08,31928
07/01/2016,12:00,55.08,55.1,54.91,54.96,38248
07/01/2016,12:15,54.98,55.03,54.78,54.83,34169
07/01/2016,12:30,54.82,54.87,54.76,54.8,26998
07/01/2016,12:45,54.8,54.8,54.68,54.74,51395
07/01/2016,13:00,54.73,54.75,54.6324,54.6324,31777
07/01/2016,13:15,54.645,54.665,54.5,54.5,34526
07/01/2016,13:30,54.49,54.53,54.42,54.53,43785
07/01/2016,13:45,54.52,54.61,54.5,54.57,20535
07/01/2016,14:00,54.58,54.66,54.47,54.47,40175
07/01/2016,14:15,54.45,54.48,54.35,54.45,29352
07/01/2016,14:30,54.45,54.49,54.32,54.32,26643
07/01/2016,14:45,54.33,54.43,54.2989,54.43,25883
07/01/2016,15:00,54.44,54.63,54.42,54.6,41587
07/01/2016,15:15,54.5784,54.6,54.5,54.53,44068
07/01/2016,15:30,54.54,54.59,54.34,54.34,71979
07/01/2016,15:45,54.34,54.405,54.32,54.34,167214
07/01/2016,16:00,54.34,54.34,54.34,54.34,99866
07/05/2016,09:15,53.99,53.99,53.99,53.99,100
07/05/2016,09:30,53.89,53.98,53.19,53.27,51201
07/05/2016,09:45,53.25,53.33,53.03,53.28,25192
07/05/2016,10:00,53.28,53.28,52.91,53.06,56978
07/05/2016,10:15,53.04,53.04,52.69,52.8,75735
07/05/2016,10:30,52.8,53.08,52.8,52.98,27457
07/05/2016,10:45,52.95,52.95,52.62,52.63,46359
07/05/2016,11:00,52.64,52.74,52.56,52.58,29345
07/05/2016,11:15,52.585,52.82,52.57,52.69,27190
07/05/2016,11:30,52.67,52.7,52.44,52.44,13293
07/05/2016,11:45,52.43,52.5,52.4,52.49,21044
07/05/2016,12:00,52.51,52.5616,52.43,52.44,21454
07/05/2016,12:15,52.45,52.7,52.45,52.7,14534
07/05/2016,12:30,52.7,52.72,52.55,52.59,17348
07/05/2016,12:45,52.59,52.66,52.54,52.6,13640
07/05/2016,13:00,52.62,52.64,52.48,52.49,21596
07/05/2016,13:15,52.46,52.55,52.43,52.46,14804
07/05/2016,13:30,52.45,52.5,52.38,52.39,22235
07/05/2016,13:45,52.38,52.4,52.32,52.39,21951
07/05/2016,14:00,52.4,52.67,52.4,52.67,32734
07/05/2016,14:15,52.68,52.71,52.44,52.52,20942
07/05/2016,14:30,52.52,52.61,52.49,52.53,19007
07/05/2016,14:45,52.54,52.57,52.4,52.55,37523
07/05/2016,15:00,52.55,52.66,52.55,52.61,28837
07/05/2016,15:15,52.63,52.74,52.59,52.69,26742
07/05/2016,15:30,52.69,52.99,52.68,52.98,78911
07/05/2016,15:45,52.99,53.05,52.8,52.8,89433
07/05/2016,16:00,52.8,52.84,52.8,52.8,131027
07/05/2016,16:30,52.8,52.8,52.8,52.8,10065
07/06/2016,09:30,52.52,52.65,51.89,52.13,23275
07/06/2016,09:45,52.14,52.63,52.04,52.51,30059
07/06/2016,10:00,52.51,52.752,52.37,52.48,19235
07/06/2016,10:15,52.46,52.46,52.122,52.19,18877
07/06/2016,10:30,52.16,52.4,52.04,52.37,24743
07/06/2016,10:45,52.36,52.76,52.33,52.75,25845
07/06/2016,11:00,52.77,52.98,52.74,52.93,21204
07/06/2016,11:15,52.95,53.035,52.65,52.65,16160
07/06/2016,11:30,52.64,52.725,52.64,52.72,37797
07/06/2016,11:45,52.725,52.815,52.66,52.79,26291
07/06/2016,12:00,52.82,53.08,52.81,52.91,15340
07/06/2016,12:15,52.9,53.02,52.9,52.9541,12447
07/06/2016,12:30,52.95,52.97,52.84,52.93,18526
07/06/2016,12:45,52.9,52.9,52.72,52.78,41979
07/06/2016,13:00,52.79,52.89,52.78,52.84,18344
07/06/2016,13:15,52.84,52.8499,52.74,52.74,14548
07/06/2016,13:30,52.77,52.825,52.71,52.72,32842
07/06/2016,13:45,52.725,52.83,52.66,52.73,34140
07/06/2016,14:00,52.73,52.815,52.66,52.72,46294
07/06/2016,14:15,52.71,52.81,52.62,52.76,31635
07/06/2016,14:30,52.75,52.95,52.75,52.87,12584
07/06/2016,14:45,52.89,53.09,52.83,53.01,29387
07/06/2016,15:00,53.01,53.05,52.97,52.98,19828
07/06/2016,15:15,52.99,53,52.83,52.88,19461
07/06/2016,15:30,52.87,53.02,52.83,53.02,49484
07/06/2016,15:45,53,53.02,52.85,52.96,152222
07/06/2016,16:00,52.96,52.96,52.96,52.96,141592
07/07/2016,09:30,53.13,53.4452,52.9375,52.99,22027
07/07/2016,09:45,52.96,53.37,52.96,53.34,12447
07/07/2016,10:00,53.36,53.41,53.2501,53.33,11215
07/07/2016,10:15,53.35,53.58,53.35,53.46,99906
07/07/2016,10:30,53.47,53.6,53.45,53.54,107308
07/07/2016,10:45,53.53,53.54,53.32,53.4,25818
07/07/2016,11:00,53.38,53.42,53.21,53.4,28120
07/07/2016,11:15,53.42,53.51,53.25,53.33,24103
07/07/2016,11:30,53.32,53.44,53.3,53.41,26834
07/07/2016,11:45,53.4,53.4,53.143,53.34,57749
07/07/2016,12:00,53.35,53.42,53.26,53.3895,18370
07/07/2016,12:15,53.39,53.39,53.19,53.29,9275
07/07/2016,12:30,53.29,53.31,53.23,53.29,14550
07/07/2016,12:45,53.31,53.31,53.12,53.152,18853
07/07/2016,13:00,53.16,53.25,53.11,53.25,13041
07/07/2016,13:15,53.27,53.5,53.24,53.39,23484
07/07/2016,13:30,53.4,53.42,53.22,53.28,13225
07/07/2016,13:45,53.28,53.45,53.23,53.43,71554
07/07/2016,14:00,53.42,53.44,53.13,53.15,21986
07/07/2016,14:15,53.17,53.36,53.152,53.29,19397
07/07/2016,14:30,53.29,53.3,53.15,53.18,13652
07/07/2016,14:45,53.19,53.27,53.17,53.24,18014
07/07/2016,15:00,53.2,53.37,53.2,53.34,17329
07/07/2016,15:15,53.33,53.43,53.31,53.37,36344
07/07/2016,15:30,53.36,53.53,53.32,53.44,39269
07/07/2016,15:45,53.44,53.55,53.43,53.53,155034
07/07/2016,16:00,53.53,53.53,53.53,53.53,51549
07/08/2016,08:30,53.67,53.67,53.67,53.67,550
07/08/2016,09:30,53.9,54.3,53.73,54.165,43520
07/08/2016,09:45,54.28,54.39,54.16,54.2305,39524
07/08/2016,10:00,54.23,54.4,54.145,54.37,36705
07/08/2016,10:15,54.39,54.4119,54.25,54.35,18413
07/08/2016,10:30,54.37,54.59,54.32,54.59,15696
07/08/2016,10:45,54.58,54.74,54.58,54.72,29378
07/08/2016,11:00,54.73,54.73,54.59,54.615,20292
07/08/2016,11:15,54.615,54.91,54.615,54.87,16778
07/08/2016,11:30,54.865,54.865,54.69,54.73,44372
07/08/2016,11:45,54.73,54.84,54.68,54.77,31301
07/08/2016,12:00,54.765,54.83,54.75,54.8,16283
07/08/2016,12:15,54.79,54.85,54.74,54.79,16085
07/08/2016,12:30,54.78,54.98,54.78,54.96,20578
07/08/2016,12:45,54.95,55.03,54.9101,55,22176
07/08/2016,13:00,55.01,55.0699,54.98,55.02,28031
07/08/2016,13:15,55.02,55.14,55.02,55.14,17330
07/08/2016,13:30,55.13,55.16,55.08,55.091,16152
07/08/2016,13:45,55.1,55.15,55.04,55.06,13384
07/08/2016,14:00,55.07,55.071,54.98,55.06,16872
07/08/2016,14:15,55.0459,55.18,55.041,55.14,16232
07/08/2016,14:30,55.14,55.24,55.11,55.215,23346
07/08/2016,14:45,55.22,55.28,55.1503,55.2,24656
07/08/2016,15:00,55.21,55.26,55.15,55.23,30055
07/08/2016,15:15,55.23,55.27,55.16,55.16,29327
07/08/2016,15:30,55.16,55.22,55.05,55.07,89736
07/08/2016,15:45,55.07,55.19,55.05,55.14,146385
07/08/2016,16:00,55.14,55.14,55.14,55.14,160466
07/08/2016,16:15,55.14,55.14,55.14,55.14,5392
07/08/2016,16:30,55.14,55.14,55.14,55.14,1381
07/11/2016,09:15,55.65,55.7,55.65,55.7,800
07/11/2016,09:30,55.62,55.9599,55.62,55.67,50997
07/11/2016,09:45,55.67,55.79,55.58,55.69,19718
07/11/2016,10:00,55.67,55.795,55.6,55.72,66737
07/11/2016,10:15,55.73,55.73,55.46,55.58,33491
07/11/2016,10:30,55.62,55.7071,55.55,55.68,36040
07/11/2016,10:45,55.7,55.86,55.68,55.85,21939
07/11/2016,11:00,55.8586,55.94,55.81,55.94,19240
07/11/2016,11:15,55.93,55.94,55.83,55.89,14991
07/11/2016,11:30,55.89,55.94,55.89,55.91,11068
07/11/2016,11:45,55.91,55.93,55.8,55.81,19868
07/11/2016,12:00,55.8,55.82,55.67,55.74,12431
07/11/2016,12:15,55.73,55.745,55.61,55.655,27380
07/11/2016,12:30,55.64,55.76,55.64,55.72,24256
07/11/2016,12:45,55.7,55.79,55.63,55.65,17340
07/11/2016,13:00,55.68,55.73,55.65,55.69,12733
07/11/2016,13:15,55.69,55.75,55.66,55.68,11983
07/11/2016,13:30,55.69,55.69,55.59,55.63,25051
07/11/2016,13:45,55.6308,55.68,55.59,55.63,10778
07/11/2016,14:00,55.61,55.61,55.44,55.57,22492
07/11/2016,14:15,55.56,55.64,55.48,55.58,20847
07/11/2016,14:30,55.57,55.65,55.54,55.57,17640
07/11/2016,14:45,55.57,55.61,55.54,55.56,20700
07/11/2016,15:00,55.57,55.63,55.53,55.61,23147
07/11/2016,15:15,55.61,55.64,55.6,55.6,29577
07/11/2016,15:30,55.59,55.6,55.51,55.53,38498
07/11/2016,15:45,55.53,55.55,55.47,55.49,85411
07/11/2016,16:00,55.49,55.49,55.49,55.49,64022
07/11/2016,16:30,55.49,55.49,55.49,55.49,1604
07/12/2016,09:15,55.92,55.96,55.92,55.96,600
07/12/2016,09:30,55.91,56.251,55.77,56.18,46882
07/12/2016,09:45,56.21,56.26,56,56.11,25893
07/12/2016,10:00,56.2,56.4,56.01,56.09,39963
07/12/2016,10:15,56.1,56.18,55.99,56.17,24547
07/12/2016,10:30,56.18,56.3,56.09,56.25,30297
07/12/2016,10:45,56.26,56.385,56.15,56.17,47153
07/12/2016,11:00,56.17,56.395,56.14,56.37,38955
07/12/2016,11:15,56.37,56.38,56.19,56.32,63384
07/12/2016,11:30,56.31,56.52,56.3,56.52,41925
07/12/2016,11:45,56.53,56.77,56.53,56.74,38530
07/12/2016,12:00,56.72,56.94,56.72,56.82,38774
07/12/2016,12:15,56.8,56.9,56.78,56.86,27553
07/12/2016,12:30,56.86,56.92,56.82,56.84,22305
07/12/2016,12:45,56.84,56.96,56.79,56.92,41575
07/12/2016,13:00,56.92,57.06,56.91,57.05,42799
07/12/2016,13:15,57.04,57.15,57.04,57.13,35461
07/12/2016,13:30,57.13,57.24,57.1001,57.19,34132
07/12/2016,13:45,57.19,57.22,56.82,56.9,40532
07/12/2016,14:00,56.9,57.15,56.9,57.13,68920
07/12/2016,14:15,57.14,57.31,57.13,57.28,32699
07/12/2016,14:30,57.27,57.37,57.21,57.35,50020
07/12/2016,14:45,57.35,57.35,57.24,57.31,33540
07/12/2016,15:00,57.3,57.38,57.28,57.38,49252
07/12/2016,15:15,57.375,57.53,57.3634,57.41,82970
07/12/2016,15:30,57.405,57.48,57.275,57.28,112451
07/12/2016,15:45,57.27,57.46,57.24,57.38,209261
07/12/2016,16:00,57.38,57.38,57.38,57.38,75145
07/12/2016,16:15,57.38,57.38,57.38,57.38,1036
07/13/2016,09:15,57.58,57.58,57.58,57.58,100
07/13/2016,09:30,57.57,57.75,57.1357,57.41,55480
07/13/2016,09:45,57.44,57.59,57.35,57.58,35089
07/13/2016,10:00,57.65,58,57.64,57.94,252319
07/13/2016,10:15,57.95,57.9896,57.54,57.575,44845
07/13/2016,10:30,57.58,57.72,57.39,57.59,56054
07/13/2016,10:45,57.59,57.62,57.41,57.44,28157
07/13/2016,11:00,57.45,57.52,57.26,57.28,37728
07/13/2016,11:15,57.27,57.27,57.07,57.19,27550
07/13/2016,11:30,57.18,57.19,57.03,57.035,28269
07/13/2016,11:45,57.02,57.33,56.99,57.2887,33838
07/13/2016,12:00,57.28,57.3,57.06,57.18,20131
07/13/2016,12:15,57.17,57.23,57.1,57.125,9158
07/13/2016,12:30,57.11,57.18,57.07,57.18,37276
07/13/2016,12:45,57.18,57.2,57.07,57.17,31174
07/13/2016,13:00,57.175,57.205,57.1,57.18,27932
07/13/2016,13:15,57.19,57.23,57.09,57.11,19806
07/13/2016,13:30,57.09,57.18,57.09,57.18,44427
07/13/2016,13:45,57.17,57.25,57.12,57.21,47895
07/13/2016,14:00,57.23,57.38,57.18,57.31,29435
07/13/2016,14:15,57.305,57.305,57.17,57.21,49159
07/13/2016,14:30,57.21,57.21,57.07,57.14,69596
07/13/2016,14:45,57.11,57.11,57,57.04,89281
07/13/2016,15:00,57.05,57.1,56.96,56.96,76206
07/13/2016,15:15,56.95,56.97,56.84,56.9,25197
07/13/2016,15:30,56.89,56.98,56.885,56.93,70058
07/13/2016,15:45,56.94,56.955,56.85,56.86,91373
07/13/2016,16:00,56.87,56.87,56.87,56.87,88163
07/14/2016,09:15,57.56,57.57,57.56,57.57,200
07/14/2016,09:30,57.57,57.73,56.9,57.52,66866
07/14/2016,09:45,57.45,58,57.4,57.89,68790
07/14/2016,10:00,57.93,57.96,57.78,57.82,40997
07/14/2016,10:15,57.84,57.88,57.61,57.64,42657
07/14/2016,10:30,57.64,57.735,57.54,57.7,42981
07/14/2016,10:45,57.71,57.81,57.61,57.78,44895
07/14/2016,11:00,57.8,57.83,57.715,57.72,34015
07/14/2016,11:15,57.72,57.73,57.605,57.64,64833
07/14/2016,11:30,57.64,57.75,57.59,57.66,34911
07/14/2016,11:45,57.67,57.82,57.64,57.79,35832
07/14/2016,12:00,57.79,57.9,57.72,57.83,54655
07/14/2016,12:15,57.83,57.89,57.76,57.8101,12663
07/14/2016,12:30,57.81,58,57.81,58,21473
07/14/2016,12:45,57.995,58.15,57.995,58.14,66146
07/14/2016,13:00,58.14,58.145,57.9,57.91,27479
07/14/2016,13:15,57.89,57.92,57.84,57.85,13394
07/14/2016,13:30,57.85,57.925,57.83,57.92,22822
07/14/2016,13:45,57.92,58.13,57.9051,58.12,59028
07/14/2016,14:00,58.13,58.15,58.02,58.105,36185
07/14/2016,14:15,58.12,58.17,58.08,58.11,21227
07/14/2016,14:30,58.11,58.18,58.08,58.08,72472
07/14/2016,14:45,58.08,58.11,58.04,58.07,39340
07/14/2016,15:00,58.075,58.155,58.045,58.14,120623
07/14/2016,15:15,58.135,58.27,58.13,58.27,191310
07/14/2016,15:30,58.27,58.285,58.07,58.0725,126671
07/14/2016,15:45,58.07,58.24,58.07,58.16,196353
07/14/2016,16:00,58.16,58.16,58.15,58.15,80060
07/14/2016,17:00,58.16,58.16,58.16,58.16,14603
07/15/2016,09:15,58.49,58.5,58.42,58.44,3407
07/15/2016,09:30,58.4,58.44,57.49,57.63,133439
07/15/2016,09:45,57.68,57.94,57.68,57.78,26900
07/15/2016,10:00,57.73,57.89,57.54,57.55,37568
07/15/2016,10:15,57.53,58.1,57.44,57.945,72025
07/15/2016,10:30,57.95,58.2,57.87,58.05,24911
07/15/2016,10:45,58.0589,58.15,57.98,58.11,28145
07/15/2016,11:00,58.12,58.12,57.98,57.99,13255
07/15/2016,11:15,57.99,58.09,57.95,58.07,12280
07/15/2016,11:30,58.065,58.1,57.97,58.02,25498
07/15/2016,11:45,57.99,58.07,57.925,58,15877
07/15/2016,12:00,58.015,58.17,57.97,58.14,62180
07/15/2016,12:15,58.13,58.3,58.1,58.29,26265
07/15/2016,12:30,58.295,58.295,58.16,58.2,16960
07/15/2016,12:45,58.18,58.19,58.09,58.1,15510
07/15/2016,13:00,58.12,58.18,58.0953,58.16,17729
07/15/2016,13:15,58.117,58.21,58.117,58.18,24775
07/15/2016,13:30,58.17,58.24,58.115,58.22,18257
07/15/2016,13:45,58.2,58.235,58.08,58.13,18142
07/15/2016,14:00,58.14,58.16,58.02,58.07,27536
07/15/2016,14:15,58.06,58.06,57.97,57.98,18599
07/15/2016,14:30,57.99,58.03,57.95,57.96,19275
07/15/2016,14:45,57.96,57.99,57.93,57.94,18465
07/15/2016,15:00,57.94,58.08,57.94,58.05,36658
07/15/2016,15:15,58.0699,58.11,58.03,58.09,24893
07/15/2016,15:30,58.09,58.19,58.015,58.03,82279
07/15/2016,15:45,58.02,58.04,57.93,57.98,190334
07/15/2016,16:00,57.98,57.98,57.98,57.98,112192
07/15/2016,16:30,57.98,57.98,57.98,57.98,256
07/15/2016,17:00,57,57,57,57,200
07/18/2016,09:30,57.91,58.08,57.655,57.93,39375
07/18/2016,09:45,57.93,58.165,57.89,58.15,16707
07/18/2016,10:00,58.17,58.38,58.14,58.21,55161
07/18/2016,10:15,58.21,58.42,58.21,58.325,28415
07/18/2016,10:30,58.33,58.41,58.29,58.3,26315
07/18/2016,10:45,58.3,58.35,58.27,58.295,67594
07/18/2016,11:00,58.295,58.35,58.24,58.29,95339
07/18/2016,11:15,58.3,58.33,58.255,58.26,37895
07/18/2016,11:30,58.27,58.27,58.15,58.185,28725
07/18/2016,11:45,58.19,58.195,58.08,58.08,16767
07/18/2016,12:00,58.06,58.11,58.01,58.06,24024
07/18/2016,12:15,58.0601,58.08,57.95,57.96,12222
07/18/2016,12:30,57.97,58.02,57.91,57.94,16345
07/18/2016,12:45,57.95,57.97,57.81,57.86,16836
07/18/2016,13:00,57.86,57.99,57.845,57.925,38887
07/18/2016,13:15,57.925,57.975,57.885,57.95,27621
07/18/2016,13:30,57.97,58.115,57.95,58.115,15329
07/18/2016,13:45,58.125,58.19,58.1,58.13,19920
07/18/2016,14:00,58.13,58.17,58.09,58.145,22838
07/18/2016,14:15,58.15,58.15,58.07,58.12,31671
07/18/2016,14:30,58.13,58.13,57.95,57.95,55941
07/18/2016,14:45,57.96,58.05,57.95,58.05,41803
07/18/2016,15:00,58.06,58.08,58.04,58.06,37888
07/18/2016,15:15,58.06,58.12,58.02,58.035,43074
07/18/2016,15:30,58.04,58.07,58.005,58.01,33829
07/18/2016,15:45,58.02,58.05,57.99,58.01,98890
07/18/2016,16:00,58.01,58.01,58.01,58.01,91998
07/19/2016,08:15,58.01,58.01,58.01,58.01,648
07/19/2016,09:30,57.87,58.15,57.72,58.15,46540
07/19/2016,09:45,58.11,58.13,57.56,57.7,59480
07/19/2016,10:00,57.77,57.85,57.66,57.74,39195
07/19/2016,10:15,57.76,57.77,57.685,57.715,28155
07/19/2016,10:30,57.72,57.76,57.65,57.7,28867
07/19/2016,10:45,57.72,57.72,57.49,57.555,30794
07/19/2016,11:00,57.565,57.76,57.565,57.65,37762
07/19/2016,11:15,57.66,57.69,57.59,57.62,31872
07/19/2016,11:30,57.61,57.64,57.56,57.57,20203
07/19/2016,11:45,57.57,57.64,57.49,57.61,15008
07/19/2016,12:00,57.62,57.634,57.56,57.634,10574
07/19/2016,12:15,57.635,57.635,57.53,57.53,8322
07/19/2016,12:30,57.52,57.56,57.48,57.5,15912
07/19/2016,12:45,57.505,57.573,57.49,57.55,7889
07/19/2016,13:00,57.54,57.55,57.4099,57.41,12793
07/19/2016,13:15,57.4,57.46,57.34,57.44,12228
07/19/2016,13:30,57.44,57.4803,57.39,57.42,12864
07/19/2016,13:45,57.43,57.45,57.38,57.43,12344
07/19/2016,14:00,57.4399,57.55,57.425,57.52,12302
07/19/2016,14:15,57.53,57.56,57.51,57.51,8946
07/19/2016,14:30,57.53,57.54,57.45,57.5,22988
07/19/2016,14:45,57.5,57.56,57.475,57.48,13050
07/19/2016,15:00,57.49,57.49,57.44,57.4697,14621
07/19/2016,15:15,57.47,57.505,57.47,57.5,21229
07/19/2016,15:30,57.51,57.56,57.47,57.515,44315
07/19/2016,15:45,57.51,57.55,57.495,57.52,70818
07/19/2016,16:00,57.52,57.52,57.52,57.52,72915
07/19/2016,16:15,57.52,57.52,57.52,57.52,871
07/19/2016,16:30,57.52,57.52,57.52,57.52,3364
07/20/2016,09:30,57.85,57.85,57.38,57.67,65492
07/20/2016,09:45,57.62,57.8,57.56,57.62,72096
07/20/2016,10:00,57.61,57.7,57.55,57.66,48672
07/20/2016,10:15,57.66,57.8,57.66,57.72,65834
07/20/2016,10:30,57.74,58.01,57.7,57.9,192064
07/20/2016,10:45,57.9,58.31,57.88,58.31,51234
07/20/2016,11:00,58.31,58.46,58.31,58.46,46123
07/20/2016,11:15,58.46,58.585,58.34,58.58,44598
07/20/2016,11:30,58.585,58.585,58.34,58.34,93096
07/20/2016,11:45,58.35,58.46,58.32,58.36,42518
07/20/2016,12:00,58.35,58.37,58.24,58.27,23956
07/20/2016,12:15,58.28,58.28,58.235,58.25,18887
07/20/2016,12:30,58.25,58.25,58.16,58.2,21606
07/20/2016,12:45,58.2,58.2,58.102,58.102,23385
07/20/2016,13:00,58.11,58.2,58.095,58.16,25669
07/20/2016,13:15,58.17,58.28,58.15,58.21,59807
07/20/2016,13:30,58.21,58.27,58.14,58.17,29296
07/20/2016,13:45,58.17,58.2,58.12,58.2,20517
07/20/2016,14:00,58.19,58.36,58.055,58.36,76795
07/20/2016,14:15,58.375,58.545,58.37,58.43,39489
07/20/2016,14:30,58.44,58.5042,58.39,58.5042,37286
07/20/2016,14:45,58.51,58.6299,58.36,58.52,103870
07/20/2016,15:00,58.51,58.51,58.43,58.48,26145
07/20/2016,15:15,58.48,58.49,58.25,58.28,95851
07/20/2016,15:30,58.33,58.5,58.25,58.4,106713
07/20/2016,15:45,58.395,58.4167,58.22,58.27,127182
07/20/2016,16:00,58.27,58.27,58.27,58.27,60603
07/20/2016,17:00,58.35,58.35,58.35,58.35,300
07/20/2016,19:00,58.35,58.35,58.35,58.35,200
07/20/2016,19:30,58.35,58.35,58.35,58.35,100
07/21/2016,09:15,58.11,58.22,58.11,58.22,900
07/21/2016,09:30,58.12,58.7299,58.03,58.465,63087
07/21/2016,09:45,58.44,58.71,58.44,58.6101,62987
07/21/2016,10:00,58.66,58.885,58.63,58.72,91771
07/21/2016,10:15,58.72,58.76,58.43,58.57,31262
07/21/2016,10:30,58.59,58.69,58.49,58.58,23767
07/21/2016,10:45,58.55,58.63,58.47,58.5,28709
07/21/2016,11:00,58.5,58.52,58.22,58.24,46088
07/21/2016,11:15,58.24,58.24,57.94,57.95,54077
07/21/2016,11:30,57.96,57.99,57.8,57.92,35229
07/21/2016,11:45,57.91,58.075,57.89,58.05,21212
07/21/2016,12:00,58.07,58.07,58,58.02,6889
07/21/2016,12:15,58.05,58.07,57.93,58.01,9407
07/21/2016,12:30,58.01,58.05,57.97,58.05,24572
07/21/2016,12:45,58.02,58.04,57.85,57.85,22669
07/21/2016,13:00,57.85,57.93,57.82,57.93,26220
07/21/2016,13:15,57.9,57.91,57.86,57.91,16895
07/21/2016,13:30,57.91,57.925,57.86,57.8601,12667
07/21/2016,13:45,57.87,57.9,57.7,57.75,26828
07/21/2016,14:00,57.76,57.82,57.69,57.74,15808
07/21/2016,14:15,57.71,57.78,57.68,57.77,31984
07/21/2016,14:30,57.7575,57.79,57.68,57.68,20165
07/21/2016,14:45,57.67,57.7,57.6101,57.67,16225
07/21/2016,15:00,57.66,57.67,57.55,57.56,19255
07/21/2016,15:15,57.57,57.645,57.55,57.64,20340
07/21/2016,15:30,57.65,57.665,57.56,57.584,43176
07/21/2016,15:45,57.5801,57.65,57.54,57.58,123967
07/21/2016,16:00,57.58,57.7267,57.58,57.58,56336
07/21/2016,16:15,57.58,57.58,57.58,57.58,4059
07/21/2016,16:30,57.58,57.58,57.58,57.58,2523
07/22/2016,09:30,57.83,57.88,57.46,57.71,38259
07/22/2016,09:45,57.79,58,57.79,57.92,16418
07/22/2016,10:00,57.945,58.1,57.87,57.87,18300
07/22/2016,10:15,57.86,57.93,57.79,57.84,17935
07/22/2016,10:30,57.84,58.04,57.82,58.03,13347
07/22/2016,10:45,58.041,58.09,58.0151,58.055,6211
07/22/2016,11:00,58.06,58.11,57.99,58.08,10063
07/22/2016,11:15,58.07,58.2099,58.05,58.2,13047
07/22/2016,11:30,58.18,58.3,58.18,58.28,9099
07/22/2016,11:45,58.3,58.46,58.3,58.43,14172
07/22/2016,12:00,58.46,58.51,58.45,58.5,9709
07/22/2016,12:15,58.49,58.65,58.484,58.64,15815
07/22/2016,12:30,58.63,58.63,58.54,58.62,7945
07/22/2016,12:45,58.64,58.74,58.61,58.62,14047
07/22/2016,13:00,58.605,58.65,58.58,58.6327,9144
07/22/2016,13:15,58.62,58.71,58.62,58.6884,9155
07/22/2016,13:30,58.68,58.72,58.57,58.573,9037
07/22/2016,13:45,58.57,58.71,58.55,58.69,23550
07/22/2016,14:00,58.69,58.8,58.67,58.76,16466
07/22/2016,14:15,58.74,58.82,58.74,58.78,9303
07/22/2016,14:30,58.775,58.79,58.7,58.7869,19023
07/22/2016,14:45,58.78,58.81,58.77,58.785,12875
07/22/2016,15:00,58.78,58.83,58.755,58.78,41767
07/22/2016,15:15,58.7701,58.91,58.77,58.89,26729
07/22/2016,15:30,58.88,58.89,58.705,58.74,36740
07/22/2016,15:45,58.7478,58.79,58.705,58.77,58805
07/22/2016,16:00,58.78,58.78,58.78,58.78,120676
07/25/2016,09:30,58.75,58.99,58.63,58.85,16431
07/25/2016,09:45,58.81,58.85,58.59,58.7,10900
07/25/2016,10:00,58.7,58.7,58.48,58.55,36273
07/25/2016,10:15,58.56,58.72,58.5,58.7,30166
07/25/2016,10:30,58.6801,58.75,58.62,58.68,7753
07/25/2016,10:45,58.68,58.78,58.68,58.75,28247
07/25/2016,11:00,58.72,58.79,58.6,58.67,16394
07/25/2016,11:15,58.68,58.74,58.63,58.68,12308
07/25/2016,11:30,58.68,58.71,58.63,58.63,10612
07/25/2016,11:45,58.625,58.67,58.49,58.5224,10715
07/25/2016,12:00,58.54,58.59,58.52,58.56,9717
07/25/2016,12:15,58.5344,58.5344,58.44,58.5,15089
07/25/2016,12:30,58.51,58.56,58.5,58.55,3700
07/25/2016,12:45,58.54,58.59,58.455,58.47,27902
07/25/2016,13:00,58.46,58.47,58.39,58.3928,18320
07/25/2016,13:15,58.39,58.46,58.39,58.42,37155
07/25/2016,13:30,58.42,58.43,58.37,58.41,13650
07/25/2016,13:45,58.42,58.43,58.38,58.42,12499
07/25/2016,14:00,58.41,58.43,58.385,58.41,22024
07/25/2016,14:15,58.42,58.42,58.33,58.36,17795
07/25/2016,14:30,58.37,58.385,58.32,58.37,15883
07/25/2016,14:45,58.35,58.37,58.25,58.26,27778
07/25/2016,15:00,58.2522,58.28,58.16,58.16,29336
07/25/2016,15:15,58.16,58.18,58.14,58.16,23359
07/25/2016,15:30,58.17,58.18,58.12,58.13,66669
07/25/2016,15:45,58.12,58.23,58.11,58.22,148704
07/25/2016,16:00,58.22,58.22,58.22,58.22,64627
07/25/2016,16:30,58.22,58.22,58.22,58.22,4692
07/26/2016,09:15,58.2,58.2,58.2,58.2,130
07/26/2016,09:30,58.18,58.53,58.06,58.53,19048
07/26/2016,09:45,58.56,58.83,58.55,58.76,24462
07/26/2016,10:00,58.78,58.86,58.65,58.66,18466
07/26/2016,10:15,58.69,58.86,58.66,58.86,18157
07/26/2016,10:30,58.88,58.93,58.7,58.74,19923
07/26/2016,10:45,58.76,58.76,58.18,58.18,13588
07/26/2016,11:00,58.16,58.29,58.16,58.26,14492
07/26/2016,11:15,58.32,58.48,58.29,58.48,6473
07/26/2016,11:30,58.51,58.53,58.4281,58.45,7586
07/26/2016,11:45,58.445,58.67,58.41,58.66,17083
07/26/2016,12:00,58.67,58.71,58.61,58.63,13122
07/26/2016,12:15,58.65,58.88,58.6325,58.81,23364
07/26/2016,12:30,58.82,58.85,58.75,58.84,7383
07/26/2016,12:45,58.85,58.89,58.82,58.85,9012
07/26/2016,13:00,58.83,58.89,58.81,58.84,7648
07/26/2016,13:15,58.84,58.85,58.64,58.65,12155
07/26/2016,13:30,58.65,58.73,58.635,58.6716,11692
07/26/2016,13:45,58.6649,58.72,58.66,58.71,12945
07/26/2016,14:00,58.7,58.74,58.51,58.549,26672
07/26/2016,14:15,58.53,58.64,58.47,58.6,48001
07/26/2016,14:30,58.62,58.68,58.55,58.62,29540
07/26/2016,14:45,58.61,58.65,58.51,58.56,93833
07/26/2016,15:00,58.58,58.6,58.48,58.56,44494
07/26/2016,15:15,58.56,58.64,58.52,58.63,90492
07/26/2016,15:30,58.64,58.82,58.621,58.8,52236
07/26/2016,15:45,58.79,58.83,58.74,58.75,119779
07/26/2016,16:00,58.75,58.75,58.75,58.75,52610
07/26/2016,16:30,58.75,58.75,58.75,58.75,301
07/26/2016,16:45,58.75,58.75,58.75,58.75,500
07/26/2016,17:00,58.75,58.75,58.75,58.75,125
07/27/2016,08:00,58.75,58.75,58.75,58.75,100
07/27/2016,09:30,58.75,59.22,58.501,59.12,36403
07/27/2016,09:45,59.15,59.25,59.06,59.1856,21000
07/27/2016,10:00,59.16,59.33,59.1,59.14,58128
07/27/2016,10:15,59.14,59.26,59.1,59.26,48515
07/27/2016,10:30,59.24,59.26,58.9,59.015,120274
07/27/2016,10:45,59.015,59.17,58.96,59.14,42159
07/27/2016,11:00,59.13,59.14,58.93,58.95,15539
07/27/2016,11:15,58.94,59.23,58.94,59.21,37205
07/27/2016,11:30,59.22,59.23,59.14,59.17,28672
07/27/2016,11:45,59.17,59.19,58.89,58.92,42723
07/27/2016,12:00,58.92,59.02,58.86,58.88,18945
07/27/2016,12:15,58.87,58.94,58.78,58.85,14010
07/27/2016,12:30,58.86,58.91,58.82,58.86,12076
07/27/2016,12:45,58.85,58.9,58.84,58.9,12638
07/27/2016,13:00,58.91,58.97,58.85,58.96,27320
07/27/2016,13:15,58.9585,59.09,58.9,59.05,23470
07/27/2016,13:30,59.07,59.07,58.93,59.03,80540
07/27/2016,13:45,59.03,59.12,59,59.12,72172
07/27/2016,14:00,59.1,59.27,58.88,59.14,45980
07/27/2016,14:15,59.14,59.36,59.1,59.28,18835
07/27/2016,14:30,59.29,59.37,59.21,59.26,26312
07/27/2016,14:45,59.28,59.31,59.2,59.29,23770
07/27/2016,15:00,59.3,59.48,59.28,59.46,28962
07/27/2016,15:15,59.47,59.7,59.47,59.65,107693
07/27/2016,15:30,59.66,59.78,59.64,59.75,130162
07/27/2016,15:45,59.74,59.74,59.565,59.61,161658
07/27/2016,16:00,59.62,59.62,59.48,59.51,57626
07/27/2016,16:30,59.62,59.62,59.62,59.62,1475
07/28/2016,09:30,59.49,59.95,59.16,59.79,24679
07/28/2016,09:45,59.83,60.25,59.78,59.95,81148
07/28/2016,10:00,59.97,60.02,59.42,59.422,43773
07/28/2016,10:15,59.42,59.48,59.3,59.31,21841
07/28/2016,10:30,59.32,59.38,59.12,59.17,79375
07/28/2016,10:45,59.18,59.24,59.14,59.19,31262
07/28/2016,11:00,59.2,59.3,59.13,59.14,12548
07/28/2016,11:15,59.14,59.22,59.12,59.19,41521
07/28/2016,11:30,59.19,59.25,59.12,59.21,13732
07/28/2016,11:45,59.22,59.3097,59.2,59.3,30919
07/28/2016,12:00,59.29,59.3,59.25,59.27,23038
07/28/2016,12:15,59.28,59.295,59.16,59.17,9210
07/28/2016,12:30,59.18,59.2,59.12,59.18,9210
07/28/2016,12:45,59.18,59.25,59.18,59.21,10018
07/28/2016,13:00,59.21,59.41,59.195,59.41,19971
07/28/2016,13:15,59.4,59.4165,59.29,59.35,17300
07/28/2016,13:30,59.35,59.4,59.35,59.35,12372
07/28/2016,13:45,59.35,59.52,59.34,59.52,19658
07/28/2016,14:00,59.52,59.55,59.5,59.53,12740
07/28/2016,14:15,59.54,59.59,59.52,59.57,11880
07/28/2016,14:30,59.56,59.58,59.52,59.53,11911
07/28/2016,14:45,59.54,59.57,59.49,59.5,16273
07/28/2016,15:00,59.51,59.56,59.505,59.55,16634
07/28/2016,15:15,59.55,59.55,59.51,59.51,14764
07/28/2016,15:30,59.52,59.54,59.51,59.535,35639
07/28/2016,15:45,59.54,59.56,59.44,59.44,84272
07/28/2016,16:00,59.45,59.45,59.39,59.39,45545
07/28/2016,16:15,59.39,59.39,59.39,59.39,200
07/29/2016,09:30,59.5,59.67,59.37,59.49,34057
07/29/2016,09:45,59.42,59.44,58.89,59,18460
07/29/2016,10:00,59.035,59.04,58.74,58.99,20943
07/29/2016,10:15,58.96,59.04,58.73,58.74,32015
07/29/2016,10:30,58.7411,58.87,58.64,58.79,20401
07/29/2016,10:45,58.82,59.11,58.81,58.99,19157
07/29/2016,11:00,59.01,59.33,58.985,59.33,14183
07/29/2016,11:15,59.31,59.31,59.2,59.21,10453
07/29/2016,11:30,59.19,59.4,59.19,59.37,22518
07/29/2016,11:45,59.39,59.39,59.21,59.29,9600
07/29/2016,12:00,59.3,59.43,59.2896,59.42,12218
07/29/2016,12:15,59.43,59.48,59.34,59.34,9121
07/29/2016,12:30,59.35,59.48,59.35,59.35,11438
07/29/2016,12:45,59.35,59.35,59.22,59.27,24522
07/29/2016,13:00,59.27,59.39,59.25,59.36,16835
07/29/2016,13:15,59.365,59.365,59.26,59.28,27467
07/29/2016,13:30,59.29,59.33,59.215,59.32,35036
07/29/2016,13:45,59.34,59.51,59.34,59.38,50548
07/29/2016,14:00,59.38,59.4,59.26,59.27,46941
07/29/2016,14:15,59.27,59.31,59.25,59.29,31095
07/29/2016,14:30,59.28,59.3,59.13,59.17,69630
07/29/2016,14:45,59.178,59.355,59.16,59.32,30356
07/29/2016,15:00,59.33,59.36,59.25,59.25,34386
07/29/2016,15:15,59.25,59.29,59.225,59.24,38694
07/29/2016,15:30,59.24,59.33,59.225,59.3,40163
07/29/2016,15:45,59.31,59.51,59.31,59.45,176115
07/29/2016,16:00,59.45,59.47,59.45,59.47,157771
08/01/2016,09:15,60.06,60.06,59.31,59.31,200
08/01/2016,09:30,59.33,59.78,59.01,59.2,28808
08/01/2016,09:45,59.17,59.57,59.17,59.55,29900
08/01/2016,10:00,59.545,59.66,59.43,59.61,28707
08/01/2016,10:15,59.62,59.76,59.48,59.57,16564
08/01/2016,10:30,59.58,59.63,59.47,59.63,19305
08/01/2016,10:45,59.61,59.7,59.56,59.68,15834
08/01/2016,11:00,59.67,59.91,59.65,59.8923,41224
08/01/2016,11:15,59.9,59.93,59.74,59.74,36205
08/01/2016,11:30,59.75,59.8,59.66,59.73,15507
08/01/2016,11:45,59.74,59.81,59.7,59.7,13926
08/01/2016,12:00,59.7,59.71,59.42,59.42,23765
08/01/2016,12:15,59.41,59.51,59.38,59.45,22454
08/01/2016,12:30,59.4401,59.5099,59.3901,59.43,19248
08/01/2016,12:45,59.42,59.42,59.27,59.29,18705
08/01/2016,13:00,59.3,59.3,59.21,59.24,35018
08/01/2016,13:15,59.245,59.45,59.245,59.43,19927
08/01/2016,13:30,59.4,59.43,59.34,59.37,12404
08/01/2016,13:45,59.36,59.48,59.32,59.48,22382
08/01/2016,14:00,59.47,59.62,59.47,59.49,23603
08/01/2016,14:15,59.5,59.6199,59.5,59.56,17998
08/01/2016,14:30,59.56,59.6,59.52,59.57,16654
08/01/2016,14:45,59.57,59.7,59.57,59.69,19739
08/01/2016,15:00,59.69,59.75,59.6,59.72,41377
08/01/2016,15:15,59.725,59.74,59.54,59.56,41630
08/01/2016,15:30,59.55,59.64,59.53,59.6,54304
08/01/2016,15:45,59.6,59.75,59.58,59.75,229327
08/01/2016,16:00,59.73,59.74,59.73,59.74,157729
08/01/2016,16:15,59.42,59.42,59.42,59.42,300
08/02/2016,09:15,59.47,59.47,59.47,59.47,194
08/02/2016,09:30,59.53,59.58,58.97,59.14,24053
08/02/2016,09:45,59.13,59.31,59.05,59.11,24945
08/02/2016,10:00,59.09,59.155,58.835,58.895,38453
08/02/2016,10:15,58.93,58.96,58.82,58.86,36836
08/02/2016,10:30,58.84,58.85,58.43,58.47,23285
08/02/2016,10:45,58.46,58.46,58.14,58.14,25790
08/02/2016,11:00,58.16,58.21,57.98,57.9811,27784
08/02/2016,11:15,57.97,58.01,57.87,57.94,117329
08/02/2016,11:30,57.92,57.97,57.86,57.93,32230
08/02/2016,11:45,57.92,57.99,57.79,57.81,15690
08/02/2016,12:00,57.8,57.82,57.725,57.81,12944
08/02/2016,12:15,57.83,57.86,57.76,57.8,7966
08/02/2016,12:30,57.77,57.82,57.72,57.73,16857
08/02/2016,12:45,57.74,57.76,57.62,57.64,44704
08/02/2016,13:00,57.65,57.67,57.44,57.47,31965
08/02/2016,13:15,57.48,57.6,57.47,57.51,32779
08/02/2016,13:30,57.51,57.51,57.4,57.465,38479
08/02/2016,13:45,57.46,57.56,57.39,57.39,46866
08/02/2016,14:00,57.4,57.74,57.34,57.69,50728
08/02/2016,14:15,57.69,57.91,57.66,57.895,25059
08/02/2016,14:30,57.89,58.03,57.85,58.03,45872
08/02/2016,14:45,58.01,58.09,57.98,58,24143
08/02/2016,15:00,58.01,58.01,57.92,57.92,26700
08/02/2016,15:15,57.92,57.98,57.89,57.93,31734
08/02/2016,15:30,57.93,58,57.88,57.94,76188
08/02/2016,15:45,57.93,58,57.845,57.87,105381
08/02/2016,16:00,57.87,57.87,57.87,57.87,131389
08/02/2016,19:30,57.5,57.5,57.5,57.5,200
08/03/2016,09:30,57.78,58.4,56.7989,57.61,35617
08/03/2016,09:45,57.61,57.645,57.46,57.565,43749
08/03/2016,10:00,57.58,57.6,57.43,57.505,86553
08/03/2016,10:15,57.51,57.5297,57.41,57.5,60331
08/03/2016,10:30,57.49,57.55,57.46,57.5,101806
08/03/2016,10:45,57.5,57.515,57.38,57.51,84350
08/03/2016,11:00,57.515,57.52,57.44,57.51,65973
08/03/2016,11:15,57.52,57.86,57.52,57.63,106716
08/03/2016,11:30,57.635,57.72,57.48,57.5,63041
08/03/2016,11:45,57.5,57.52,57.47,57.49,80710
08/03/2016,12:00,57.48,57.5098,57.48,57.495,56677
08/03/2016,12:15,57.5,57.5,57.4775,57.49,43913
08/03/2016,12:30,57.5,57.5,57.47,57.48,280967
08/03/2016,12:45,57.49,57.51,57.45,57.49,45530
08/03/2016,13:00,57.49,57.5,57.455,57.49,51191
08/03/2016,13:15,57.48,57.495,57.43,57.45,31845
08/03/2016,13:30,57.46,57.5,57.45,57.48,48583
08/03/2016,13:45,57.47,57.5,57.445,57.485,43025
08/03/2016,14:00,57.49,57.51,57.47,57.485,101111
08/03/2016,14:15,57.49,57.69,57.49,57.5502,97386
08/03/2016,14:30,57.55,57.66,57.55,57.65,71065
08/03/2016,14:45,57.65,57.67,57.62,57.65,80971
08/03/2016,15:00,57.64,57.66,57.62,57.65,108058
08/03/2016,15:15,57.65,57.71,57.64,57.68,165210
08/03/2016,15:30,57.69,57.88,57.68,57.87,103417
08/03/2016,15:45,57.88,57.94,57.87,57.935,164608
08/03/2016,16:00,57.95,57.95,57.93,57.95,81297
08/03/2016,16:15,57.95,57.95,57.95,57.95,11895
08/04/2016,09:30,58.09,58.805,57.96,58.521,50252
08/04/2016,09:45,58.57,58.63,58.45,58.55,65229
08/04/2016,10:00,58.55,58.65,58.45,58.565,116740
08/04/2016,10:15,58.565,58.64,58.45,58.525,40612
08/04/2016,10:30,58.53,58.75,58.49,58.74,60271
08/04/2016,10:45,58.74,58.87,58.68,58.83,62325
08/04/2016,11:00,58.82,58.82,58.52,58.57,49586
08/04/2016,11:15,58.57,58.66,58.52,58.555,29558
08/04/2016,11:30,58.57,58.59,58.51,58.545,44076
08/04/2016,11:45,58.54,58.66,58.52,58.64,60248
08/04/2016,12:00,58.64,58.77,58.635,58.765,57511
08/04/2016,12:15,58.76,58.76,58.7,58.71,36214
08/04/2016,12:30,58.705,58.74,58.64,58.64,33076
08/04/2016,12:45,58.655,58.675,58.58,58.58,22171
08/04/2016,13:00,58.58,58.58,58.46,58.48,61038
08/04/2016,13:15,58.48,58.7,58.48,58.62,34333
08/04/2016,13:30,58.62,58.68,58.58,58.595,23390
08/04/2016,13:45,58.615,58.63,58.58,58.62,30693
08/04/2016,14:00,58.625,58.7,58.61,58.645,22124
08/04/2016,14:15,58.64,58.64,58.529,58.565,20567
08/04/2016,14:30,58.56,58.57,58.45,58.48,33419
08/04/2016,14:45,58.48,58.51,58.47,58.49,25037
08/04/2016,15:00,58.49,58.49,58.41,58.4379,34245
08/04/2016,15:15,58.43,58.44,58.17,58.29,101351
08/04/2016,15:30,58.3,58.3275,58.22,58.27,109610
08/04/2016,15:45,58.26,58.28,58.22,58.25,143067
08/04/2016,16:00,58.25,58.25,58.25,58.25,62399
08/04/2016,16:30,58.25,58.25,58.25,58.25,5567
08/05/2016,09:30,58.44,59.07,58.25,59.04,83188
08/05/2016,09:45,59.08,59.17,58.98,59.1431,191124
08/05/2016,10:00,59.11,59.15,58.79,58.84,74729
08/05/2016,10:15,58.87,58.9,58.77,58.78,74052
08/05/2016,10:30,58.78,59.26,58.78,59.24,43438
08/05/2016,10:45,59.24,59.3,59.12,59.245,29909
08/05/2016,11:00,59.24,59.245,59.18,59.21,49999
08/05/2016,11:15,59.2,59.25,59.1,59.235,18791
08/05/2016,11:30,59.24,59.25,59.19,59.23,33832
08/05/2016,11:45,59.23,59.25,59.16,59.19,20227
08/05/2016,12:00,59.2,59.22,59.155,59.215,30396
08/05/2016,12:15,59.225,59.24,59.2,59.21,25857
08/05/2016,12:30,59.22,59.33,59.2,59.32,43667
08/05/2016,12:45,59.325,59.34,59.18,59.2,33070
08/05/2016,13:00,59.195,59.26,59.185,59.22,40085
08/05/2016,13:15,59.2224,59.4,59.2,59.35,31196
08/05/2016,13:30,59.35,59.37,59.305,59.37,13136
08/05/2016,13:45,59.38,59.48,59.36,59.47,25674
08/05/2016,14:00,59.47,59.47,59.34,59.36,19245
08/05/2016,14:15,59.35,59.35,59.3,59.31,17117
08/05/2016,14:30,59.31,59.32,59.25,59.275,83997
08/05/2016,14:45,59.28,59.3,59.22,59.29,40390
08/05/2016,15:00,59.29,59.31,59.26,59.26,42818
08/05/2016,15:15,59.275,59.33,59.23,59.33,75763
08/05/2016,15:30,59.33,59.4742,59.32,59.45,84870
08/05/2016,15:45,59.455,59.455,59.31,59.32,162389
08/05/2016,16:00,59.33,59.33,59.33,59.33,87299
08/05/2016,16:15,59.33,59.33,59.33,59.33,1422
08/08/2016,09:15,59.44,59.44,59.44,59.44,324
08/08/2016,09:30,59.46,59.88,59.36,59.65,41743
08/08/2016,09:45,59.63,59.7,59.52,59.56,17187
08/08/2016,10:00,59.55,59.69,59.45,59.65,50230
08/08/2016,10:15,59.65,59.69,59.37,59.49,39894
08/08/2016,10:30,59.51,59.53,59.4,59.49,25327
08/08/2016,10:45,59.5,59.515,59.42,59.5,28071
08/08/2016,11:00,59.51,59.52,59.33,59.43,44906
08/08/2016,11:15,59.44,59.51,59.38,59.47,19733
08/08/2016,11:30,59.48,59.5,59.37,59.38,25192
08/08/2016,11:45,59.38,59.49,59.37,59.49,23064
08/08/2016,12:00,59.49,59.499,59.46,59.465,12954
08/08/2016,12:15,59.47,59.5,59.4699,59.48,25999
08/08/2016,12:30,59.49,59.51,59.48,59.5,25486
08/08/2016,12:45,59.5,59.51,59.4864,59.5,42029
08/08/2016,13:00,59.49,59.52,59.48,59.49,15170
08/08/2016,13:15,59.49,59.51,59.48,59.5,24017
08/08/2016,13:30,59.5,59.51,59.48,59.485,30057
08/08/2016,13:45,59.49,59.51,59.47,59.48,22128
08/08/2016,14:00,59.48,59.48,59.45,59.46,28165
08/08/2016,14:15,59.47,59.479,59.35,59.3625,38457
08/08/2016,14:30,59.35,59.43,59.34,59.4,20121
08/08/2016,14:45,59.41,59.46,59.38,59.38,39693
08/08/2016,15:00,59.38,59.4,59.295,59.295,67738
08/08/2016,15:15,59.29,59.33,59.29,59.315,47924
08/08/2016,15:30,59.32,59.36,59.28,59.295,121021
08/08/2016,15:45,59.3,59.37,59.26,59.37,157449
08/08/2016,16:00,59.37,59.37,59.37,59.37,100283
08/08/2016,17:00,59.37,59.37,59.37,59.37,5728
08/09/2016,09:30,59.52,59.7,59.405,59.55,24036
08/09/2016,09:45,59.57,59.75,59.53,59.69,43995
08/09/2016,10:00,59.7,59.7,59.48,59.58,28146
08/09/2016,10:15,59.58,59.88,59.57,59.86,81203
08/09/2016,10:30,59.8525,59.96,59.76,59.8,41540
08/09/2016,10:45,59.82,59.955,59.79,59.79,20384
08/09/2016,11:00,59.77,60.09,59.765,60.08,33666
08/09/2016,11:15,60.08,60.23,60.06,60.095,26838
08/09/2016,11:30,60.08,60.12,59.97,60.115,30861
08/09/2016,11:45,60.11,60.2,60.0668,60.175,22819
08/09/2016,12:00,60.1826,60.33,60.16,60.31,32560
08/09/2016,12:15,60.32,60.33,60.19,60.25,24233
08/09/2016,12:30,60.26,60.26,60.11,60.16,19820
08/09/2016,12:45,60.18,60.24,60.17,60.17,13913
08/09/2016,13:00,60.16,60.19,60.09,60.19,12481
08/09/2016,13:15,60.18,60.295,60.1784,60.28,16275
08/09/2016,13:30,60.275,60.33,60.23,60.255,101398
08/09/2016,13:45,60.26,60.36,60.239,60.35,75648
08/09/2016,14:00,60.37,60.38,60.2099,60.3201,46597
08/09/2016,14:15,60.33,60.37,60.28,60.35,32389
08/09/2016,14:30,60.35,60.365,60.23,60.32,38661
08/09/2016,14:45,60.33,60.495,60.29,60.49,40747
08/09/2016,15:00,60.49,60.49,60.42,60.44,69449
08/09/2016,15:15,60.44,60.47,60.43,60.435,71517
08/09/2016,15:30,60.43,60.435,60.32,60.325,79834
08/09/2016,15:45,60.325,60.35,60.245,60.34,214025
08/09/2016,16:00,60.34,60.34,60.34,60.34,62716
08/10/2016,09:15,60.41,60.41,60.4,60.41,1400
08/10/2016,09:30,60.31,60.31,59.81,60.07,40978
08/10/2016,09:45,60,60.22,59.94,60.02,39687
08/10/2016,10:00,59.95,60.24,59.94,60.22,19528
08/10/2016,10:15,60.22,60.29,60.15,60.16,20258
08/10/2016,10:30,60.18,60.22,60.14,60.21,19226
08/10/2016,10:45,60.2,60.2,60.12,60.15,7738
08/10/2016,11:00,60.16,60.18,60.05,60.08,11721
08/10/2016,11:15,60.06,60.06,59.85,59.93,28573
08/10/2016,11:30,59.92,59.93,59.81,59.88,13618
08/10/2016,11:45,59.89,59.97,59.83,59.9,11842
08/10/2016,12:00,59.88,60.21,59.88,60.15,12864
08/10/2016,12:15,60.14,60.17,60.125,60.16,10107
08/10/2016,12:30,60.15,60.18,60.12,60.13,11160
08/10/2016,12:45,60.14,60.35,60.14,60.35,19079
08/10/2016,13:00,60.34,60.389,60.27,60.27,20359
08/10/2016,13:15,60.27,60.28,60.23,60.27,8447
08/10/2016,13:30,60.26,60.29,60.22,60.25,24374
08/10/2016,13:45,60.2571,60.32,60.25,60.26,9925
08/10/2016,14:00,60.2498,60.28,60.13,60.14,9632
08/10/2016,14:15,60.14,60.19,60.1,60.1,24139
08/10/2016,14:30,60.11,60.14,60.085,60.1,56941
08/10/2016,14:45,60.1,60.18,60.09,60.155,24762
08/10/2016,15:00,60.15,60.225,60.11,60.21,92063
08/10/2016,15:15,60.21,60.31,60.17,60.29,71874
08/10/2016,15:30,60.3,60.3,60.15,60.17,26655
08/10/2016,15:45,60.17,60.31,60.165,60.31,81143
08/10/2016,16:00,60.3,60.3,60.3,60.3,49331
08/10/2016,16:15,60.3,60.3,60.3,60.3,737
08/11/2016,09:30,60.49,61.23,58.7809,60.87,69989
08/11/2016,09:45,60.86,61.04,60.826,61.005,93222
08/11/2016,10:00,61,61.05,60.73,60.81,59137
08/11/2016,10:15,60.81,60.9,60.8,60.9,6261
